
> rastreabilidade-farmaceutica-hardhat-dapp@1.0.0 node
> hardhat node

Started HTTP and WebSocket JSON-RPC server at http://127.0.0.1:8545/

Accounts
========

WARNING: These accounts, and their private keys, are publicly known.
Any funds sent to them on Mainnet or any other live network WILL BE LOST.

Account #0: 0xf39Fd6e51aad88F6F4ce6aB8827279cffFb92266 (10000 ETH)
Private Key: 0xac0974bec39a17e36ba4a6b4d238ff944bacb478cbed5efcae784d7bf4f2ff80

Account #1: 0x70997970C51812dc3A010C7d01b50e0d17dc79C8 (10000 ETH)
Private Key: 0x59c6995e998f97a5a0044966f0945389dc9e86dae88c7a8412f4603b6b78690d

Account #2: 0x3C44CdDdB6a900fa2b585dd299e03d12FA4293BC (10000 ETH)
Private Key: 0x5de4111afa1a4b94908f83103eb1f1706367c2e68ca870fc3fb9a804cdab365a

Account #3: 0x90F79bf6EB2c4f870365E785982E1f101E93b906 (10000 ETH)
Private Key: 0x7c852118294e51e653712a81e05800f419141751be58f605c371e15141b007a6

Account #4: 0x15d34AAf54267DB7D7c367839AAf71A00a2C6A65 (10000 ETH)
Private Key: 0x47e179ec197488593b187f80a00eb0da91f1b9d0b13f8733639f19c30a34926a

Account #5: 0x9965507D1a55bcC2695C58ba16FB37d819B0A4dc (10000 ETH)
Private Key: 0x8b3a350cf5c34c9194ca85829a2df0ec3153be0318b5e2d3348e872092edffba

Account #6: 0x976EA74026E726554dB657fA54763abd0C3a0aa9 (10000 ETH)
Private Key: 0x92db14e403b83dfe3df233f83dfa3a0d7096f21ca9b0d6d6b8d88b2b4ec1564e

Account #7: 0x14dC79964da2C08b23698B3D3cc7Ca32193d9955 (10000 ETH)
Private Key: 0x4bbbf85ce3377467afe5d46f804f221813b2bb87f24d81f60f1fcdbf7cbf4356

Account #8: 0x23618e81E3f5cdF7f54C3d65f7FBc0aBf5B21E8f (10000 ETH)
Private Key: 0xdbda1821b80551c9d65939329250298aa3472ba22feea921c0cf5d620ea67b97

Account #9: 0xa0Ee7A142d267C1f36714E4a8F75612F20a79720 (10000 ETH)
Private Key: 0x2a871d0798f97d79848a013d4936a73bf4cc922c825d33c1cf7073dff6d409c6

Account #10: 0xBcd4042DE499D14e55001CcbB24a551F3b954096 (10000 ETH)
Private Key: 0xf214f2b2cd398c806f84e317254e0f0b801d0643303237d97a22a48e01628897

Account #11: 0x71bE63f3384f5fb98995898A86B02Fb2426c5788 (10000 ETH)
Private Key: 0x701b615bbdfb9de65240bc28bd21bbc0d996645a3dd57e7b12bc2bdf6f192c82

Account #12: 0xFABB0ac9d68B0B445fB7357272Ff202C5651694a (10000 ETH)
Private Key: 0xa267530f49f8280200edf313ee7af6b827f2a8bce2897751d06a843f644967b1

Account #13: 0x1CBd3b2770909D4e10f157cABC84C7264073C9Ec (10000 ETH)
Private Key: 0x47c99abed3324a2707c28affff1267e45918ec8c3f20b8aa892e8b065d2942dd

Account #14: 0xdF3e18d64BC6A983f673Ab319CCaE4f1a57C7097 (10000 ETH)
Private Key: 0xc526ee95bf44d8fc405a158bb884d9d1238d99f0612e9f33d006bb0789009aaa

Account #15: 0xcd3B766CCDd6AE721141F452C550Ca635964ce71 (10000 ETH)
Private Key: 0x8166f546bab6da521a8369cab06c5d2b9e46670292d85c875ee9ec20e84ffb61

Account #16: 0x2546BcD3c84621e976D8185a91A922aE77ECEc30 (10000 ETH)
Private Key: 0xea6c44ac03bff858b476bba40716402b03e41b8e97e276d1baec7c37d42484a0

Account #17: 0xbDA5747bFD65F08deb54cb465eB87D40e51B197E (10000 ETH)
Private Key: 0x689af8efa8c651a91ad287602527f3af2fe9f6501a7ac4b061667b5a93e037fd

Account #18: 0xdD2FD4581271e230360230F9337D5c0430Bf44C0 (10000 ETH)
Private Key: 0xde9be858da4a475276426320d5e9262ecfc3ba460bfac56360bfa6c4c28b4ee0

Account #19: 0x8626f6940E2eb28930eFb4CeF49B2d1F2C9C1199 (10000 ETH)
Private Key: 0xdf57089febbacf7ba0bc227dafbffa9fc08a93fdc68e1e42411a14efcf23656e

WARNING: These accounts, and their private keys, are publicly known.
Any funds sent to them on Mainnet or any other live network WILL BE LOST.

[32meth_chainId[0m
[32meth_blockNumber[0m
[32meth_chainId[0m
[32meth_accounts[0m
[32mhardhat_metadata[0m
[32mhardhat_metadata (2)[0m
[32mhardhat_metadata (3)[0m
[32mhardhat_metadata (4)[0m
[32mhardhat_metadata (5)[0m
[32mhardhat_metadata (6)[0m
[32mhardhat_metadata (7)[0m
[32mhardhat_metadata (8)[0m
[32mhardhat_metadata (9)[0m
[32mhardhat_metadata (10)[0m
[32mhardhat_metadata (11)[0m
[32mhardhat_metadata (12)[0m
[32mhardhat_metadata (13)[0m
[32mhardhat_metadata (14)[0m
[32mhardhat_metadata (15)[0m
[32mhardhat_metadata (16)[0m
[32mhardhat_metadata (17)[0m
[32mhardhat_metadata (18)[0m
[32mhardhat_metadata (19)[0m
[32mhardhat_metadata (20)[0m
[32meth_accounts[0m
[32mhardhat_metadata[0m
[32mhardhat_metadata (2)[0m
[32mhardhat_metadata (3)[0m
[32mhardhat_metadata (4)[0m
[32mhardhat_metadata (5)[0m
[32mhardhat_metadata (6)[0m
[32mhardhat_metadata (7)[0m
[32mhardhat_metadata (8)[0m
[32mhardhat_metadata (9)[0m
[32mhardhat_metadata (10)[0m
[32mhardhat_metadata (11)[0m
[32mhardhat_metadata (12)[0m
[32mhardhat_metadata (13)[0m
[32mhardhat_metadata (14)[0m
[32mhardhat_metadata (15)[0m
[32mhardhat_metadata (16)[0m
[32mhardhat_metadata (17)[0m
[32mhardhat_metadata (18)[0m
[32mhardhat_metadata (19)[0m
[32mhardhat_metadata (20)[0m
[32meth_blockNumber[0m
[32meth_getBlockByNumber[0m
[32meth_feeHistory[0m
[32meth_maxPriorityFeePerGas[0m
[32meth_sendTransaction[0m
  Contract deployment: RastreabilidadeFarmaceuticaV2
  Contract address:    0x5fbdb2315678afecb367f032d93f642f64180aa3
  Transaction:         0xbabcf793c378b75e010c19c7875f4ac617a49d38f30deae656111f9a9a2de907
  From:                0xf39fd6e51aad88f6f4ce6ab8827279cfffb92266
  Value:               0 ETH
  Gas used:            7808106 of 16777216
  Block #1:            0xb8bf2203c3969c5be1b76d3c5e0d878551eb65c701d8c0e87a584121aad2a2db

[32meth_getTransactionByHash[0m
[32meth_getTransactionReceipt[0m
[32meth_chainId[0m
[32meth_chainId (2)[0m
[32meth_accounts[0m
[32mhardhat_metadata[0m
[32mhardhat_metadata (2)[0m
[32mhardhat_metadata (3)[0m
[32mhardhat_metadata (4)[0m
[32mhardhat_metadata (5)[0m
[32mhardhat_metadata (6)[0m
[32mhardhat_metadata (7)[0m
[32mhardhat_metadata (8)[0m
[32mhardhat_metadata (9)[0m
[32mhardhat_metadata (10)[0m
[32mhardhat_metadata (11)[0m
[32mhardhat_metadata (12)[0m
[32mhardhat_metadata (13)[0m
[32mhardhat_metadata (14)[0m
[32mhardhat_metadata (15)[0m
[32mhardhat_metadata (16)[0m
[32mhardhat_metadata (17)[0m
[32mhardhat_metadata (18)[0m
[32mhardhat_metadata (19)[0m
[32mhardhat_metadata (20)[0m
[31meth_call[0m
  Contract call:       RastreabilidadeFarmaceuticaV2#consultarOrganizacao
  From:                0xf39fd6e51aad88f6f4ce6ab8827279cfffb92266
  To:                  0x5fbdb2315678afecb367f032d93f642f64180aa3

  Error: reverted with reason string 'Organizacao inexistente'

[32meth_blockNumber[0m
[32meth_getBlockByNumber[0m
[32meth_feeHistory[0m
[32meth_sendTransaction[0m
  Contract call:       RastreabilidadeFarmaceuticaV2#cadastrarOrganizacao
  Transaction:         0x33b727ae2edc30b0c0824fa7b2b23c3673412e9b5ae9a2db05dfc8df31b4b4cc
  From:                0xf39fd6e51aad88f6f4ce6ab8827279cfffb92266
  To:                  0x5fbdb2315678afecb367f032d93f642f64180aa3
  Value:               0 ETH
  Gas used:            273490 of 16777216
  Block #2:            0x5cb02c91b17f4032f5e8f6a4daf4ab1623017601bcf84587ce1ac3c1c881342b

[32meth_getTransactionByHash[0m
[32meth_getTransactionReceipt[0m
[31meth_call[0m
  Contract call:       RastreabilidadeFarmaceuticaV2#consultarOrganizacao
  From:                0xf39fd6e51aad88f6f4ce6ab8827279cfffb92266
  To:                  0x5fbdb2315678afecb367f032d93f642f64180aa3

  Error: reverted with reason string 'Organizacao inexistente'

[32meth_blockNumber[0m
[32meth_feeHistory[0m
[32meth_sendTransaction[0m
  Contract call:       RastreabilidadeFarmaceuticaV2#cadastrarOrganizacao
  Transaction:         0x7cf7f3511bb4f2f6dd831cdeeeb36c26fd58a18e10c9c81a4f8797961d57213e
  From:                0xf39fd6e51aad88f6f4ce6ab8827279cfffb92266
  To:                  0x5fbdb2315678afecb367f032d93f642f64180aa3
  Value:               0 ETH
  Gas used:            273502 of 16777216
  Block #3:            0xa32bcbfc70ad22c04aeff946a4eadba8275e202f212839289be606ed6eb1a9a1

[32meth_getTransactionByHash[0m
[32meth_getTransactionReceipt[0m
[31meth_call[0m
  Contract call:       RastreabilidadeFarmaceuticaV2#consultarOrganizacao
  From:                0xf39fd6e51aad88f6f4ce6ab8827279cfffb92266
  To:                  0x5fbdb2315678afecb367f032d93f642f64180aa3

  Error: reverted with reason string 'Organizacao inexistente'

[32meth_blockNumber[0m
[32meth_feeHistory[0m
[32meth_sendTransaction[0m
  Contract call:       RastreabilidadeFarmaceuticaV2#cadastrarOrganizacao
  Transaction:         0xdd1c51e57be39486dda03ac46d389671af73431ceee0010369210cc836e4d99d
  From:                0xf39fd6e51aad88f6f4ce6ab8827279cfffb92266
  To:                  0x5fbdb2315678afecb367f032d93f642f64180aa3
  Value:               0 ETH
  Gas used:            273418 of 16777216
  Block #4:            0x6731f97111151bb39bee5c0f520b912e60b0abf484ab1ae0f56e4afaef914103

[32meth_getTransactionByHash[0m
[32meth_getTransactionReceipt[0m
[31meth_call[0m
  Contract call:       RastreabilidadeFarmaceuticaV2#consultarOrganizacao
  From:                0xf39fd6e51aad88f6f4ce6ab8827279cfffb92266
  To:                  0x5fbdb2315678afecb367f032d93f642f64180aa3

  Error: reverted with reason string 'Organizacao inexistente'

[32meth_blockNumber[0m
[32meth_feeHistory[0m
[32meth_sendTransaction[0m
  Contract call:       RastreabilidadeFarmaceuticaV2#cadastrarOrganizacao
  Transaction:         0xada0baa53e7c09f16f6c1d9f7f0a4e5370c75208c0c7fa6c19f67685abc8a2ed
  From:                0xf39fd6e51aad88f6f4ce6ab8827279cfffb92266
  To:                  0x5fbdb2315678afecb367f032d93f642f64180aa3
  Value:               0 ETH
  Gas used:            273466 of 16777216
  Block #5:            0xf6286e9a27281def4175da18108ada776917c87fbbef9847a15a75d426745b72

[32meth_getTransactionByHash[0m
[32meth_getTransactionReceipt[0m
[31meth_call[0m
  Contract call:       RastreabilidadeFarmaceuticaV2#consultarOrganizacao
  From:                0xf39fd6e51aad88f6f4ce6ab8827279cfffb92266
  To:                  0x5fbdb2315678afecb367f032d93f642f64180aa3

  Error: reverted with reason string 'Organizacao inexistente'

[32meth_blockNumber[0m
[32meth_feeHistory[0m
[32meth_sendTransaction[0m
  Contract call:       RastreabilidadeFarmaceuticaV2#cadastrarOrganizacao
  Transaction:         0x3e16c80280efe150eab7fec5fbdddc3a05c70d678d3d9c230260187729b8e5d2
  From:                0xf39fd6e51aad88f6f4ce6ab8827279cfffb92266
  To:                  0x5fbdb2315678afecb367f032d93f642f64180aa3
  Value:               0 ETH
  Gas used:            273418 of 16777216
  Block #6:            0x055e043d26ec96140c8718e7c9ea41e27c6c7cf33e19285385aeee3c46cebb47

[32meth_getTransactionByHash[0m
[32meth_getTransactionReceipt[0m
[31meth_call[0m
  Contract call:       RastreabilidadeFarmaceuticaV2#consultarOrganizacao
  From:                0xf39fd6e51aad88f6f4ce6ab8827279cfffb92266
  To:                  0x5fbdb2315678afecb367f032d93f642f64180aa3

  Error: reverted with reason string 'Organizacao inexistente'

[32meth_blockNumber[0m
[32meth_feeHistory[0m
[32meth_sendTransaction[0m
  Contract call:       RastreabilidadeFarmaceuticaV2#cadastrarOrganizacao
  Transaction:         0xf7e34c5dc059b411c3838e99a680f174bb6c2c7a04819d99798388d8be11402d
  From:                0xf39fd6e51aad88f6f4ce6ab8827279cfffb92266
  To:                  0x5fbdb2315678afecb367f032d93f642f64180aa3
  Value:               0 ETH
  Gas used:            273442 of 16777216
  Block #7:            0x749c521301ba1196ff3cb8bcdde40aa9e959ded615abc09f3bdd25e8f31da9a4

[32meth_getTransactionByHash[0m
[32meth_getTransactionReceipt[0m
[31meth_call[0m
  Contract call:       RastreabilidadeFarmaceuticaV2#consultarOrganizacao
  From:                0xf39fd6e51aad88f6f4ce6ab8827279cfffb92266
  To:                  0x5fbdb2315678afecb367f032d93f642f64180aa3

  Error: reverted with reason string 'Organizacao inexistente'

[32meth_blockNumber[0m
[32meth_feeHistory[0m
[32meth_sendTransaction[0m
  Contract call:       RastreabilidadeFarmaceuticaV2#cadastrarOrganizacao
  Transaction:         0xf0eafd7f048e5fb3c41f67b936aeb210dcd110a81e9eba274ed6c7bc255338c3
  From:                0xf39fd6e51aad88f6f4ce6ab8827279cfffb92266
  To:                  0x5fbdb2315678afecb367f032d93f642f64180aa3
  Value:               0 ETH
  Gas used:            273442 of 16777216
  Block #8:            0x62ffc18c97eef40b793bc06d3a799c63e99e0b176bf7763a9f07511232584394

[32meth_getTransactionByHash[0m
[32meth_getTransactionReceipt[0m
[31meth_call[0m
  Contract call:       RastreabilidadeFarmaceuticaV2#consultarOrganizacao
  From:                0xf39fd6e51aad88f6f4ce6ab8827279cfffb92266
  To:                  0x5fbdb2315678afecb367f032d93f642f64180aa3

  Error: reverted with reason string 'Organizacao inexistente'

[32meth_blockNumber[0m
[32meth_feeHistory[0m
[32meth_sendTransaction[0m
  Contract call:       RastreabilidadeFarmaceuticaV2#cadastrarOrganizacao
  Transaction:         0xc4682ad2726241cc9a02a61def30661b37806871c12016d4ab4510590f78cba8
  From:                0xf39fd6e51aad88f6f4ce6ab8827279cfffb92266
  To:                  0x5fbdb2315678afecb367f032d93f642f64180aa3
  Value:               0 ETH
  Gas used:            273466 of 16777216
  Block #9:            0xe39adb2b6e7b76b0764415a6cc169657b2015d7460a63d4731c2b5f41e9314aa

[32meth_getTransactionByHash[0m
[32meth_getTransactionReceipt[0m
[31meth_call[0m
  Contract call:       RastreabilidadeFarmaceuticaV2#consultarOperador
  From:                0xf39fd6e51aad88f6f4ce6ab8827279cfffb92266
  To:                  0x5fbdb2315678afecb367f032d93f642f64180aa3

  Error: reverted with reason string 'Operador inexistente'

[32meth_blockNumber[0m
[32meth_feeHistory[0m
[32meth_sendTransaction[0m
  Contract call:       RastreabilidadeFarmaceuticaV2#cadastrarOperador
  Transaction:         0x3efee8213fdcc8e7cc42e7f51a2e24d227f39e18d7cfad5a32a557d27bdcb36b
  From:                0xf39fd6e51aad88f6f4ce6ab8827279cfffb92266
  To:                  0x5fbdb2315678afecb367f032d93f642f64180aa3
  Value:               0 ETH
  Gas used:            348843 of 16777216
  Block #10:           0x1c95ae7cb9c6df40dec16eba7eeb94a8d516a813684b7e902426e92768f2286f

[32meth_getTransactionByHash[0m
[32meth_getTransactionReceipt[0m
[31meth_call[0m
  Contract call:       RastreabilidadeFarmaceuticaV2#consultarOperador
  From:                0xf39fd6e51aad88f6f4ce6ab8827279cfffb92266
  To:                  0x5fbdb2315678afecb367f032d93f642f64180aa3

  Error: reverted with reason string 'Operador inexistente'

[32meth_blockNumber[0m
[32meth_feeHistory[0m
[32meth_sendTransaction[0m
  Contract call:       RastreabilidadeFarmaceuticaV2#cadastrarOperador
  Transaction:         0xd77e2f7d6f7c21334b27a8232ea9630a7f61c4b119519b90a1c0c288f8b3df53
  From:                0xf39fd6e51aad88f6f4ce6ab8827279cfffb92266
  To:                  0x5fbdb2315678afecb367f032d93f642f64180aa3
  Value:               0 ETH
  Gas used:            348807 of 16777216
  Block #11:           0x64517a314346f942f53194425d043f7c487d7ceae5e8e9b9594acfded94c5406

[32meth_getTransactionByHash[0m
[32meth_getTransactionReceipt[0m
[31meth_call[0m
  Contract call:       RastreabilidadeFarmaceuticaV2#consultarOperador
  From:                0xf39fd6e51aad88f6f4ce6ab8827279cfffb92266
  To:                  0x5fbdb2315678afecb367f032d93f642f64180aa3

  Error: reverted with reason string 'Operador inexistente'

[32meth_blockNumber[0m
[32meth_feeHistory[0m
[32meth_sendTransaction[0m
  Contract call:       RastreabilidadeFarmaceuticaV2#cadastrarOperador
  Transaction:         0x0b04f78cc5f8f427dcd71d9ef061655f6ddc085517a1fd3d136951762ff364ca
  From:                0xf39fd6e51aad88f6f4ce6ab8827279cfffb92266
  To:                  0x5fbdb2315678afecb367f032d93f642f64180aa3
  Value:               0 ETH
  Gas used:            348795 of 16777216
  Block #12:           0x17ed80ce0535c0f40dfecad779bece0ae0fe8a596f115e1429dc8e5a43d8605c

[32meth_getTransactionByHash[0m
[32meth_getTransactionReceipt[0m
[31meth_call[0m
  Contract call:       RastreabilidadeFarmaceuticaV2#consultarOperador
  From:                0xf39fd6e51aad88f6f4ce6ab8827279cfffb92266
  To:                  0x5fbdb2315678afecb367f032d93f642f64180aa3

  Error: reverted with reason string 'Operador inexistente'

[32meth_blockNumber[0m
[32meth_feeHistory[0m
[32meth_sendTransaction[0m
  Contract call:       RastreabilidadeFarmaceuticaV2#cadastrarOperador
  Transaction:         0x9a95c7a92d667e485f7c844fff270cd17bb9f96e45accf00b8d6e206e4fb5e2c
  From:                0xf39fd6e51aad88f6f4ce6ab8827279cfffb92266
  To:                  0x5fbdb2315678afecb367f032d93f642f64180aa3
  Value:               0 ETH
  Gas used:            348915 of 16777216
  Block #13:           0xa400485f6713b90e62251545696a2eb114a6bca11ef31246d27e1bbc70dc3a36

[32meth_getTransactionByHash[0m
[32meth_getTransactionReceipt[0m
[31meth_call[0m
  Contract call:       RastreabilidadeFarmaceuticaV2#consultarOperador
  From:                0xf39fd6e51aad88f6f4ce6ab8827279cfffb92266
  To:                  0x5fbdb2315678afecb367f032d93f642f64180aa3

  Error: reverted with reason string 'Operador inexistente'

[32meth_blockNumber[0m
[32meth_feeHistory[0m
[32meth_sendTransaction[0m
  Contract call:       RastreabilidadeFarmaceuticaV2#cadastrarOperador
  Transaction:         0xa807b342ea2f7223902081372eb5e9501c715a62ce3e21d3f9d38ff26068f6fb
  From:                0xf39fd6e51aad88f6f4ce6ab8827279cfffb92266
  To:                  0x5fbdb2315678afecb367f032d93f642f64180aa3
  Value:               0 ETH
  Gas used:            348795 of 16777216
  Block #14:           0x7dc01eab4091c46e751446353840132ba4375c6544c1673416faa58c67a6f150

[32meth_getTransactionByHash[0m
[32meth_getTransactionReceipt[0m
[31meth_call[0m
  Contract call:       RastreabilidadeFarmaceuticaV2#consultarOperador
  From:                0xf39fd6e51aad88f6f4ce6ab8827279cfffb92266
  To:                  0x5fbdb2315678afecb367f032d93f642f64180aa3

  Error: reverted with reason string 'Operador inexistente'

[32meth_blockNumber[0m
[32meth_feeHistory[0m
[32meth_sendTransaction[0m
  Contract call:       RastreabilidadeFarmaceuticaV2#cadastrarOperador
  Transaction:         0x2266b2cd01be81f90d5dc6971aa543f7ded7185ec44f0cc88e91ec863462a316
  From:                0xf39fd6e51aad88f6f4ce6ab8827279cfffb92266
  To:                  0x5fbdb2315678afecb367f032d93f642f64180aa3
  Value:               0 ETH
  Gas used:            348999 of 16777216
  Block #15:           0x9779df70411b503817bdfb97f7596c0ea6dedc972923606e51ccc1669d897347

[32meth_getTransactionByHash[0m
[32meth_getTransactionReceipt[0m
[31meth_call[0m
  Contract call:       RastreabilidadeFarmaceuticaV2#consultarOperador
  From:                0xf39fd6e51aad88f6f4ce6ab8827279cfffb92266
  To:                  0x5fbdb2315678afecb367f032d93f642f64180aa3

  Error: reverted with reason string 'Operador inexistente'

[32meth_blockNumber[0m
[32meth_feeHistory[0m
[32meth_sendTransaction[0m
  Contract call:       RastreabilidadeFarmaceuticaV2#cadastrarOperador
  Transaction:         0x9177f30d7b8e17c23ee5a098dbd2d393d9ba950459a55ee60012f8281d804293
  From:                0xf39fd6e51aad88f6f4ce6ab8827279cfffb92266
  To:                  0x5fbdb2315678afecb367f032d93f642f64180aa3
  Value:               0 ETH
  Gas used:            348999 of 16777216
  Block #16:           0x94a71a6abb1db0d6e34673483dfa4b7aafd5602900b8a4ac594cc0a08f607b9a

[32meth_getTransactionByHash[0m
[32meth_getTransactionReceipt[0m
[31meth_call[0m
  Contract call:       RastreabilidadeFarmaceuticaV2#consultarOperador
  From:                0xf39fd6e51aad88f6f4ce6ab8827279cfffb92266
  To:                  0x5fbdb2315678afecb367f032d93f642f64180aa3

  Error: reverted with reason string 'Operador inexistente'

[32meth_blockNumber[0m
[32meth_feeHistory[0m
[32meth_sendTransaction[0m
  Contract call:       RastreabilidadeFarmaceuticaV2#cadastrarOperador
  Transaction:         0x578477c4ff7266cfdc1029cc02f3eca159c504cf7232b4f1dd46792d78909d7c
  From:                0xf39fd6e51aad88f6f4ce6ab8827279cfffb92266
  To:                  0x5fbdb2315678afecb367f032d93f642f64180aa3
  Value:               0 ETH
  Gas used:            348927 of 16777216
  Block #17:           0xe45912537e294c224c07ca124b2a4772147563ecb29a261d4a6b3084f8b54a61

[32meth_getTransactionByHash[0m
[32meth_getTransactionReceipt[0m
[32meth_getBlockByNumber[0m
[31meth_call[0m
  Contract call:       RastreabilidadeFarmaceuticaV2#consultarLote
  From:                0x70997970c51812dc3a010c7d01b50e0d17dc79c8
  To:                  0x5fbdb2315678afecb367f032d93f642f64180aa3

  Error: reverted with reason string 'Lote inexistente'

[32meth_blockNumber[0m
[32meth_feeHistory[0m
[32meth_sendTransaction[0m
  Contract call:       RastreabilidadeFarmaceuticaV2#registrarLote
  Transaction:         0xd7b77d58d806dd842632e5d427b94db79209c85d14ffa84dcaa8d88fdd03eb7b
  From:                0x70997970c51812dc3a010c7d01b50e0d17dc79c8
  To:                  0x5fbdb2315678afecb367f032d93f642f64180aa3
  Value:               0 ETH
  Gas used:            969838 of 16777216
  Block #18:           0x2cf89f56e01f27b354d63db9b27451ff7bd86ab28f70c296a1f5a823f6b5f66c

[32meth_getTransactionByHash[0m
[32meth_getTransactionReceipt[0m
[31meth_call[0m
  Contract call:       RastreabilidadeFarmaceuticaV2#consultarLote
  From:                0x70997970c51812dc3a010c7d01b50e0d17dc79c8
  To:                  0x5fbdb2315678afecb367f032d93f642f64180aa3

  Error: reverted with reason string 'Lote inexistente'

[32meth_blockNumber[0m
[32meth_feeHistory[0m
[32meth_sendTransaction[0m
  Contract call:       RastreabilidadeFarmaceuticaV2#registrarLote
  Transaction:         0xe5176d3d5cb18df00e0d16948caa8342915c9ec13615cad1a0b0bacc437b2162
  From:                0x70997970c51812dc3a010c7d01b50e0d17dc79c8
  To:                  0x5fbdb2315678afecb367f032d93f642f64180aa3
  Value:               0 ETH
  Gas used:            957638 of 16777216
  Block #19:           0xb58db6ce02270581419a4fce3ad2b0fbaa52828359d57cac6315979d70ce66ca

[32meth_getTransactionByHash[0m
[32meth_getTransactionReceipt[0m
[32meth_chainId[0m
[32meth_chainId (2)[0m
[32meth_getCode[0m
[32meth_accounts[0m
[32meth_accounts (2)[0m
[32meth_accounts (3)[0m
[32meth_accounts (4)[0m
[32meth_accounts (5)[0m
[32meth_accounts (6)[0m
[32meth_accounts (7)[0m
[32meth_accounts (8)[0m
[32meth_accounts (9)[0m
[32meth_chainId[0m
[32meth_call[0m
  Contract call:       RastreabilidadeFarmaceuticaV2#totalOrganizacoes
  From:                0xf39fd6e51aad88f6f4ce6ab8827279cfffb92266
  To:                  0x5fbdb2315678afecb367f032d93f642f64180aa3

[32meth_call[0m
  Contract call:       RastreabilidadeFarmaceuticaV2#totalOperadores
  From:                0xf39fd6e51aad88f6f4ce6ab8827279cfffb92266
  To:                  0x5fbdb2315678afecb367f032d93f642f64180aa3

[32meth_call[0m
  Contract call:       RastreabilidadeFarmaceuticaV2#totalLotes
  From:                0xf39fd6e51aad88f6f4ce6ab8827279cfffb92266
  To:                  0x5fbdb2315678afecb367f032d93f642f64180aa3

[32meth_call[0m
  Contract call:       RastreabilidadeFarmaceuticaV2#totalTransferencias
  From:                0xf39fd6e51aad88f6f4ce6ab8827279cfffb92266
  To:                  0x5fbdb2315678afecb367f032d93f642f64180aa3

[32meth_call[0m
  Contract call:       RastreabilidadeFarmaceuticaV2#totalRegistrosAuditoria
  From:                0xf39fd6e51aad88f6f4ce6ab8827279cfffb92266
  To:                  0x5fbdb2315678afecb367f032d93f642f64180aa3

[32meth_call[0m
  Contract call:       RastreabilidadeFarmaceuticaV2#sistemaPausado
  From:                0xf39fd6e51aad88f6f4ce6ab8827279cfffb92266
  To:                  0x5fbdb2315678afecb367f032d93f642f64180aa3

[32meth_call[0m
  Contract call:       RastreabilidadeFarmaceuticaV2#organizacaoReguladoraInicialId
  From:                0xf39fd6e51aad88f6f4ce6ab8827279cfffb92266
  To:                  0x5fbdb2315678afecb367f032d93f642f64180aa3

[32meth_call[0m
  Contract call:       RastreabilidadeFarmaceuticaV2#operadorReguladorInicialId
  From:                0xf39fd6e51aad88f6f4ce6ab8827279cfffb92266
  To:                  0x5fbdb2315678afecb367f032d93f642f64180aa3

[32meth_call[0m
  Contract call:       RastreabilidadeFarmaceuticaV2#consultarOperadorPorCarteira
  From:                0xf39fd6e51aad88f6f4ce6ab8827279cfffb92266
  To:                  0x5fbdb2315678afecb367f032d93f642f64180aa3

[32meth_chainId[0m
[32meth_call[0m
  Contract call:       RastreabilidadeFarmaceuticaV2#consultarOrganizacaoPorId
  From:                0xf39fd6e51aad88f6f4ce6ab8827279cfffb92266
  To:                  0x5fbdb2315678afecb367f032d93f642f64180aa3

[32meth_chainId[0m
[32meth_call[0m
  Contract call:       RastreabilidadeFarmaceuticaV2#totalOrganizacoes
  From:                0xf39fd6e51aad88f6f4ce6ab8827279cfffb92266
  To:                  0x5fbdb2315678afecb367f032d93f642f64180aa3

[32meth_call[0m
  Contract call:       RastreabilidadeFarmaceuticaV2#totalOperadores
  From:                0xf39fd6e51aad88f6f4ce6ab8827279cfffb92266
  To:                  0x5fbdb2315678afecb367f032d93f642f64180aa3

[32meth_call[0m
  Contract call:       RastreabilidadeFarmaceuticaV2#totalLotes
  From:                0xf39fd6e51aad88f6f4ce6ab8827279cfffb92266
  To:                  0x5fbdb2315678afecb367f032d93f642f64180aa3

[32meth_call[0m
  Contract call:       RastreabilidadeFarmaceuticaV2#totalTransferencias
  From:                0xf39fd6e51aad88f6f4ce6ab8827279cfffb92266
  To:                  0x5fbdb2315678afecb367f032d93f642f64180aa3

[32meth_call[0m
  Contract call:       RastreabilidadeFarmaceuticaV2#totalRegistrosAuditoria
  From:                0xf39fd6e51aad88f6f4ce6ab8827279cfffb92266
  To:                  0x5fbdb2315678afecb367f032d93f642f64180aa3

[32meth_call[0m
  Contract call:       RastreabilidadeFarmaceuticaV2#organizacaoReguladoraInicialId
  From:                0xf39fd6e51aad88f6f4ce6ab8827279cfffb92266
  To:                  0x5fbdb2315678afecb367f032d93f642f64180aa3

[32meth_call[0m
  Contract call:       RastreabilidadeFarmaceuticaV2#operadorReguladorInicialId
  From:                0xf39fd6e51aad88f6f4ce6ab8827279cfffb92266
  To:                  0x5fbdb2315678afecb367f032d93f642f64180aa3

[32meth_call[0m
  Contract call:       RastreabilidadeFarmaceuticaV2#sistemaPausado
  From:                0xf39fd6e51aad88f6f4ce6ab8827279cfffb92266
  To:                  0x5fbdb2315678afecb367f032d93f642f64180aa3

[32meth_call[0m
  Contract call:       RastreabilidadeFarmaceuticaV2#consultarOperadorPorCarteira
  From:                0xf39fd6e51aad88f6f4ce6ab8827279cfffb92266
  To:                  0x5fbdb2315678afecb367f032d93f642f64180aa3

[32meth_chainId[0m
[32meth_call[0m
  Contract call:       RastreabilidadeFarmaceuticaV2#consultarOrganizacaoPorId
  From:                0xf39fd6e51aad88f6f4ce6ab8827279cfffb92266
  To:                  0x5fbdb2315678afecb367f032d93f642f64180aa3

[32meth_chainId[0m
[32meth_call[0m
  Contract call:       RastreabilidadeFarmaceuticaV2#listarOperadores
  From:                0xf39fd6e51aad88f6f4ce6ab8827279cfffb92266
  To:                  0x5fbdb2315678afecb367f032d93f642f64180aa3

[32meth_call[0m
  Contract call:       RastreabilidadeFarmaceuticaV2#listarOrganizacoes
  From:                0xf39fd6e51aad88f6f4ce6ab8827279cfffb92266
  To:                  0x5fbdb2315678afecb367f032d93f642f64180aa3

[32meth_call[0m
  Contract call:       RastreabilidadeFarmaceuticaV2#listarLotes
  From:                0xf39fd6e51aad88f6f4ce6ab8827279cfffb92266
  To:                  0x5fbdb2315678afecb367f032d93f642f64180aa3

[32meth_call[0m
  Contract call:       RastreabilidadeFarmaceuticaV2#listarTransferencias
  From:                0xf39fd6e51aad88f6f4ce6ab8827279cfffb92266
  To:                  0x5fbdb2315678afecb367f032d93f642f64180aa3

[32meth_chainId[0m
[32meth_call[0m
  Contract call:       RastreabilidadeFarmaceuticaV2#consultarOrganizacaoPorId
  From:                0xf39fd6e51aad88f6f4ce6ab8827279cfffb92266
  To:                  0x5fbdb2315678afecb367f032d93f642f64180aa3

[32meth_call[0m
  Contract call:       RastreabilidadeFarmaceuticaV2#consultarOrganizacaoPorId
  From:                0xf39fd6e51aad88f6f4ce6ab8827279cfffb92266
  To:                  0x5fbdb2315678afecb367f032d93f642f64180aa3

[32meth_call[0m
  Contract call:       RastreabilidadeFarmaceuticaV2#consultarOrganizacaoPorId
  From:                0xf39fd6e51aad88f6f4ce6ab8827279cfffb92266
  To:                  0x5fbdb2315678afecb367f032d93f642f64180aa3

[32meth_call[0m
  Contract call:       RastreabilidadeFarmaceuticaV2#consultarOrganizacaoPorId
  From:                0xf39fd6e51aad88f6f4ce6ab8827279cfffb92266
  To:                  0x5fbdb2315678afecb367f032d93f642f64180aa3

[32meth_call[0m
  Contract call:       RastreabilidadeFarmaceuticaV2#consultarOrganizacaoPorId
  From:                0xf39fd6e51aad88f6f4ce6ab8827279cfffb92266
  To:                  0x5fbdb2315678afecb367f032d93f642f64180aa3

[32meth_call[0m
  Contract call:       RastreabilidadeFarmaceuticaV2#consultarOrganizacaoPorId
  From:                0xf39fd6e51aad88f6f4ce6ab8827279cfffb92266
  To:                  0x5fbdb2315678afecb367f032d93f642f64180aa3

[32meth_call[0m
  Contract call:       RastreabilidadeFarmaceuticaV2#consultarOrganizacaoPorId
  From:                0xf39fd6e51aad88f6f4ce6ab8827279cfffb92266
  To:                  0x5fbdb2315678afecb367f032d93f642f64180aa3

[32meth_call[0m
  Contract call:       RastreabilidadeFarmaceuticaV2#consultarOperadorPorId
  From:                0xf39fd6e51aad88f6f4ce6ab8827279cfffb92266
  To:                  0x5fbdb2315678afecb367f032d93f642f64180aa3

[32meth_call[0m
  Contract call:       RastreabilidadeFarmaceuticaV2#consultarOrganizacaoPorId
  From:                0xf39fd6e51aad88f6f4ce6ab8827279cfffb92266
  To:                  0x5fbdb2315678afecb367f032d93f642f64180aa3

[32meth_call[0m
  Contract call:       RastreabilidadeFarmaceuticaV2#consultarOperadorPorId
  From:                0xf39fd6e51aad88f6f4ce6ab8827279cfffb92266
  To:                  0x5fbdb2315678afecb367f032d93f642f64180aa3

[32meth_call[0m
  Contract call:       RastreabilidadeFarmaceuticaV2#consultarOperadorPorId
  From:                0xf39fd6e51aad88f6f4ce6ab8827279cfffb92266
  To:                  0x5fbdb2315678afecb367f032d93f642f64180aa3

[32meth_call[0m
  Contract call:       RastreabilidadeFarmaceuticaV2#consultarOperadorPorId
  From:                0xf39fd6e51aad88f6f4ce6ab8827279cfffb92266
  To:                  0x5fbdb2315678afecb367f032d93f642f64180aa3

[32meth_call[0m
  Contract call:       RastreabilidadeFarmaceuticaV2#consultarOperadorPorId
  From:                0xf39fd6e51aad88f6f4ce6ab8827279cfffb92266
  To:                  0x5fbdb2315678afecb367f032d93f642f64180aa3

[32meth_call[0m
  Contract call:       RastreabilidadeFarmaceuticaV2#consultarOperadorPorId
  From:                0xf39fd6e51aad88f6f4ce6ab8827279cfffb92266
  To:                  0x5fbdb2315678afecb367f032d93f642f64180aa3

[32meth_call[0m
  Contract call:       RastreabilidadeFarmaceuticaV2#consultarOperadorPorId
  From:                0xf39fd6e51aad88f6f4ce6ab8827279cfffb92266
  To:                  0x5fbdb2315678afecb367f032d93f642f64180aa3

[32meth_call[0m
  Contract call:       RastreabilidadeFarmaceuticaV2#consultarOperadorPorId
  From:                0xf39fd6e51aad88f6f4ce6ab8827279cfffb92266
  To:                  0x5fbdb2315678afecb367f032d93f642f64180aa3

[32meth_call[0m
  Contract call:       RastreabilidadeFarmaceuticaV2#consultarLotePorId
  From:                0xf39fd6e51aad88f6f4ce6ab8827279cfffb92266
  To:                  0x5fbdb2315678afecb367f032d93f642f64180aa3

[32meth_call[0m
  Contract call:       RastreabilidadeFarmaceuticaV2#consultarLotePorId
  From:                0xf39fd6e51aad88f6f4ce6ab8827279cfffb92266
  To:                  0x5fbdb2315678afecb367f032d93f642f64180aa3

[32meth_chainId[0m
[32meth_call[0m
  Contract call:       RastreabilidadeFarmaceuticaV2#consultarSaldoLote
  From:                0xf39fd6e51aad88f6f4ce6ab8827279cfffb92266
  To:                  0x5fbdb2315678afecb367f032d93f642f64180aa3

[32meth_call[0m
  Contract call:       RastreabilidadeFarmaceuticaV2#consultarSaldoLote
  From:                0xf39fd6e51aad88f6f4ce6ab8827279cfffb92266
  To:                  0x5fbdb2315678afecb367f032d93f642f64180aa3

[32meth_blockNumber[0m
[32meth_blockNumber (2)[0m
[32meth_blockNumber (3)[0m
[32meth_blockNumber (4)[0m
[32meth_chainId[0m
[32meth_call[0m
  Contract call:       RastreabilidadeFarmaceuticaV2#totalOrganizacoes
  From:                0xf39fd6e51aad88f6f4ce6ab8827279cfffb92266
  To:                  0x5fbdb2315678afecb367f032d93f642f64180aa3

[32meth_call[0m
  Contract call:       RastreabilidadeFarmaceuticaV2#totalRegistrosAuditoria
  From:                0xf39fd6e51aad88f6f4ce6ab8827279cfffb92266
  To:                  0x5fbdb2315678afecb367f032d93f642f64180aa3

[32meth_call[0m
  Contract call:       RastreabilidadeFarmaceuticaV2#totalTransferencias
  From:                0xf39fd6e51aad88f6f4ce6ab8827279cfffb92266
  To:                  0x5fbdb2315678afecb367f032d93f642f64180aa3

[32meth_call[0m
  Contract call:       RastreabilidadeFarmaceuticaV2#operadorReguladorInicialId
  From:                0xf39fd6e51aad88f6f4ce6ab8827279cfffb92266
  To:                  0x5fbdb2315678afecb367f032d93f642f64180aa3

[32meth_call[0m
  Contract call:       RastreabilidadeFarmaceuticaV2#consultarOperadorPorCarteira
  From:                0xf39fd6e51aad88f6f4ce6ab8827279cfffb92266
  To:                  0x5fbdb2315678afecb367f032d93f642f64180aa3

[32meth_call[0m
  Contract call:       RastreabilidadeFarmaceuticaV2#totalOperadores
  From:                0xf39fd6e51aad88f6f4ce6ab8827279cfffb92266
  To:                  0x5fbdb2315678afecb367f032d93f642f64180aa3

[32meth_call[0m
  Contract call:       RastreabilidadeFarmaceuticaV2#organizacaoReguladoraInicialId
  From:                0xf39fd6e51aad88f6f4ce6ab8827279cfffb92266
  To:                  0x5fbdb2315678afecb367f032d93f642f64180aa3

[32meth_call[0m
  Contract call:       RastreabilidadeFarmaceuticaV2#totalLotes
  From:                0xf39fd6e51aad88f6f4ce6ab8827279cfffb92266
  To:                  0x5fbdb2315678afecb367f032d93f642f64180aa3

[32meth_call[0m
  Contract call:       RastreabilidadeFarmaceuticaV2#sistemaPausado
  From:                0xf39fd6e51aad88f6f4ce6ab8827279cfffb92266
  To:                  0x5fbdb2315678afecb367f032d93f642f64180aa3

[32meth_chainId[0m
[32meth_call[0m
  Contract call:       RastreabilidadeFarmaceuticaV2#consultarOrganizacaoPorId
  From:                0xf39fd6e51aad88f6f4ce6ab8827279cfffb92266
  To:                  0x5fbdb2315678afecb367f032d93f642f64180aa3

[32meth_chainId[0m
[32meth_call[0m
  Contract call:       RastreabilidadeFarmaceuticaV2#listarLotes
  From:                0xf39fd6e51aad88f6f4ce6ab8827279cfffb92266
  To:                  0x5fbdb2315678afecb367f032d93f642f64180aa3

[32meth_call[0m
  Contract call:       RastreabilidadeFarmaceuticaV2#listarOrganizacoes
  From:                0xf39fd6e51aad88f6f4ce6ab8827279cfffb92266
  To:                  0x5fbdb2315678afecb367f032d93f642f64180aa3

[32meth_call[0m
  Contract call:       RastreabilidadeFarmaceuticaV2#listarTransferencias
  From:                0xf39fd6e51aad88f6f4ce6ab8827279cfffb92266
  To:                  0x5fbdb2315678afecb367f032d93f642f64180aa3

[32meth_call[0m
  Contract call:       RastreabilidadeFarmaceuticaV2#listarOperadores
  From:                0xf39fd6e51aad88f6f4ce6ab8827279cfffb92266
  To:                  0x5fbdb2315678afecb367f032d93f642f64180aa3

[32meth_chainId[0m
[32meth_call[0m
  Contract call:       RastreabilidadeFarmaceuticaV2#consultarOrganizacaoPorId
  From:                0xf39fd6e51aad88f6f4ce6ab8827279cfffb92266
  To:                  0x5fbdb2315678afecb367f032d93f642f64180aa3

[32meth_call[0m
  Contract call:       RastreabilidadeFarmaceuticaV2#consultarOrganizacaoPorId
  From:                0xf39fd6e51aad88f6f4ce6ab8827279cfffb92266
  To:                  0x5fbdb2315678afecb367f032d93f642f64180aa3

[32meth_call[0m
  Contract call:       RastreabilidadeFarmaceuticaV2#consultarOrganizacaoPorId
  From:                0xf39fd6e51aad88f6f4ce6ab8827279cfffb92266
  To:                  0x5fbdb2315678afecb367f032d93f642f64180aa3

[32meth_call[0m
  Contract call:       RastreabilidadeFarmaceuticaV2#consultarOrganizacaoPorId
  From:                0xf39fd6e51aad88f6f4ce6ab8827279cfffb92266
  To:                  0x5fbdb2315678afecb367f032d93f642f64180aa3

[32meth_call[0m
  Contract call:       RastreabilidadeFarmaceuticaV2#consultarOrganizacaoPorId
  From:                0xf39fd6e51aad88f6f4ce6ab8827279cfffb92266
  To:                  0x5fbdb2315678afecb367f032d93f642f64180aa3

[32meth_call[0m
  Contract call:       RastreabilidadeFarmaceuticaV2#consultarOrganizacaoPorId
  From:                0xf39fd6e51aad88f6f4ce6ab8827279cfffb92266
  To:                  0x5fbdb2315678afecb367f032d93f642f64180aa3

[32meth_call[0m
  Contract call:       RastreabilidadeFarmaceuticaV2#consultarOrganizacaoPorId
  From:                0xf39fd6e51aad88f6f4ce6ab8827279cfffb92266
  To:                  0x5fbdb2315678afecb367f032d93f642f64180aa3

[32meth_call[0m
  Contract call:       RastreabilidadeFarmaceuticaV2#consultarOperadorPorId
  From:                0xf39fd6e51aad88f6f4ce6ab8827279cfffb92266
  To:                  0x5fbdb2315678afecb367f032d93f642f64180aa3

[32meth_call[0m
  Contract call:       RastreabilidadeFarmaceuticaV2#consultarOperadorPorId
  From:                0xf39fd6e51aad88f6f4ce6ab8827279cfffb92266
  To:                  0x5fbdb2315678afecb367f032d93f642f64180aa3

[32meth_call[0m
  Contract call:       RastreabilidadeFarmaceuticaV2#consultarOrganizacaoPorId
  From:                0xf39fd6e51aad88f6f4ce6ab8827279cfffb92266
  To:                  0x5fbdb2315678afecb367f032d93f642f64180aa3

[32meth_call[0m
  Contract call:       RastreabilidadeFarmaceuticaV2#consultarOperadorPorId
  From:                0xf39fd6e51aad88f6f4ce6ab8827279cfffb92266
  To:                  0x5fbdb2315678afecb367f032d93f642f64180aa3

[32meth_call[0m
  Contract call:       RastreabilidadeFarmaceuticaV2#consultarLotePorId
  From:                0xf39fd6e51aad88f6f4ce6ab8827279cfffb92266
  To:                  0x5fbdb2315678afecb367f032d93f642f64180aa3

[32meth_call[0m
  Contract call:       RastreabilidadeFarmaceuticaV2#consultarOperadorPorId
  From:                0xf39fd6e51aad88f6f4ce6ab8827279cfffb92266
  To:                  0x5fbdb2315678afecb367f032d93f642f64180aa3

[32meth_call[0m
  Contract call:       RastreabilidadeFarmaceuticaV2#consultarOperadorPorId
  From:                0xf39fd6e51aad88f6f4ce6ab8827279cfffb92266
  To:                  0x5fbdb2315678afecb367f032d93f642f64180aa3

[32meth_call[0m
  Contract call:       RastreabilidadeFarmaceuticaV2#consultarOperadorPorId
  From:                0xf39fd6e51aad88f6f4ce6ab8827279cfffb92266
  To:                  0x5fbdb2315678afecb367f032d93f642f64180aa3

[32meth_call[0m
  Contract call:       RastreabilidadeFarmaceuticaV2#consultarOperadorPorId
  From:                0xf39fd6e51aad88f6f4ce6ab8827279cfffb92266
  To:                  0x5fbdb2315678afecb367f032d93f642f64180aa3

[32meth_call[0m
  Contract call:       RastreabilidadeFarmaceuticaV2#consultarOperadorPorId
  From:                0xf39fd6e51aad88f6f4ce6ab8827279cfffb92266
  To:                  0x5fbdb2315678afecb367f032d93f642f64180aa3

[32meth_call[0m
  Contract call:       RastreabilidadeFarmaceuticaV2#consultarLotePorId
  From:                0xf39fd6e51aad88f6f4ce6ab8827279cfffb92266
  To:                  0x5fbdb2315678afecb367f032d93f642f64180aa3

[32meth_chainId[0m
[32meth_call[0m
  Contract call:       RastreabilidadeFarmaceuticaV2#consultarSaldoLote
  From:                0xf39fd6e51aad88f6f4ce6ab8827279cfffb92266
  To:                  0x5fbdb2315678afecb367f032d93f642f64180aa3

[32meth_call[0m
  Contract call:       RastreabilidadeFarmaceuticaV2#consultarSaldoLote
  From:                0xf39fd6e51aad88f6f4ce6ab8827279cfffb92266
  To:                  0x5fbdb2315678afecb367f032d93f642f64180aa3

[32meth_blockNumber[0m
[32meth_blockNumber (2)[0m
[32meth_blockNumber (3)[0m
[32meth_chainId[0m
[32meth_chainId (2)[0m
[32meth_getCode[0m
[32meth_chainId[0m
[32meth_call[0m
  Contract call:       RastreabilidadeFarmaceuticaV2#totalOrganizacoes
  From:                0xf39fd6e51aad88f6f4ce6ab8827279cfffb92266
  To:                  0x5fbdb2315678afecb367f032d93f642f64180aa3

[32meth_call[0m
  Contract call:       RastreabilidadeFarmaceuticaV2#totalOperadores
  From:                0xf39fd6e51aad88f6f4ce6ab8827279cfffb92266
  To:                  0x5fbdb2315678afecb367f032d93f642f64180aa3

[32meth_call[0m
  Contract call:       RastreabilidadeFarmaceuticaV2#totalRegistrosAuditoria
  From:                0xf39fd6e51aad88f6f4ce6ab8827279cfffb92266
  To:                  0x5fbdb2315678afecb367f032d93f642f64180aa3

[32meth_call[0m
  Contract call:       RastreabilidadeFarmaceuticaV2#totalLotes
  From:                0xf39fd6e51aad88f6f4ce6ab8827279cfffb92266
  To:                  0x5fbdb2315678afecb367f032d93f642f64180aa3

[32meth_call[0m
  Contract call:       RastreabilidadeFarmaceuticaV2#organizacaoReguladoraInicialId
  From:                0xf39fd6e51aad88f6f4ce6ab8827279cfffb92266
  To:                  0x5fbdb2315678afecb367f032d93f642f64180aa3

[32meth_call[0m
  Contract call:       RastreabilidadeFarmaceuticaV2#sistemaPausado
  From:                0xf39fd6e51aad88f6f4ce6ab8827279cfffb92266
  To:                  0x5fbdb2315678afecb367f032d93f642f64180aa3

[32meth_call[0m
  Contract call:       RastreabilidadeFarmaceuticaV2#consultarOperadorPorCarteira
  From:                0xf39fd6e51aad88f6f4ce6ab8827279cfffb92266
  To:                  0x5fbdb2315678afecb367f032d93f642f64180aa3

[32meth_call[0m
  Contract call:       RastreabilidadeFarmaceuticaV2#totalTransferencias
  From:                0xf39fd6e51aad88f6f4ce6ab8827279cfffb92266
  To:                  0x5fbdb2315678afecb367f032d93f642f64180aa3

[32meth_call[0m
  Contract call:       RastreabilidadeFarmaceuticaV2#operadorReguladorInicialId
  From:                0xf39fd6e51aad88f6f4ce6ab8827279cfffb92266
  To:                  0x5fbdb2315678afecb367f032d93f642f64180aa3

[32meth_chainId[0m
[32meth_call[0m
  Contract call:       RastreabilidadeFarmaceuticaV2#consultarOrganizacaoPorId
  From:                0xf39fd6e51aad88f6f4ce6ab8827279cfffb92266
  To:                  0x5fbdb2315678afecb367f032d93f642f64180aa3

[32meth_chainId[0m
[32meth_call[0m
  Contract call:       RastreabilidadeFarmaceuticaV2#totalOrganizacoes
  From:                0xf39fd6e51aad88f6f4ce6ab8827279cfffb92266
  To:                  0x5fbdb2315678afecb367f032d93f642f64180aa3

[32meth_call[0m
  Contract call:       RastreabilidadeFarmaceuticaV2#totalLotes
  From:                0xf39fd6e51aad88f6f4ce6ab8827279cfffb92266
  To:                  0x5fbdb2315678afecb367f032d93f642f64180aa3

[32meth_call[0m
  Contract call:       RastreabilidadeFarmaceuticaV2#totalOperadores
  From:                0xf39fd6e51aad88f6f4ce6ab8827279cfffb92266
  To:                  0x5fbdb2315678afecb367f032d93f642f64180aa3

[32meth_call[0m
  Contract call:       RastreabilidadeFarmaceuticaV2#totalRegistrosAuditoria
  From:                0xf39fd6e51aad88f6f4ce6ab8827279cfffb92266
  To:                  0x5fbdb2315678afecb367f032d93f642f64180aa3

[32meth_call[0m
  Contract call:       RastreabilidadeFarmaceuticaV2#organizacaoReguladoraInicialId
  From:                0xf39fd6e51aad88f6f4ce6ab8827279cfffb92266
  To:                  0x5fbdb2315678afecb367f032d93f642f64180aa3

[32meth_call[0m
  Contract call:       RastreabilidadeFarmaceuticaV2#sistemaPausado
  From:                0xf39fd6e51aad88f6f4ce6ab8827279cfffb92266
  To:                  0x5fbdb2315678afecb367f032d93f642f64180aa3

[32meth_call[0m
  Contract call:       RastreabilidadeFarmaceuticaV2#operadorReguladorInicialId
  From:                0xf39fd6e51aad88f6f4ce6ab8827279cfffb92266
  To:                  0x5fbdb2315678afecb367f032d93f642f64180aa3

[32meth_call[0m
  Contract call:       RastreabilidadeFarmaceuticaV2#consultarOperadorPorCarteira
  From:                0xf39fd6e51aad88f6f4ce6ab8827279cfffb92266
  To:                  0x5fbdb2315678afecb367f032d93f642f64180aa3

[32meth_call[0m
  Contract call:       RastreabilidadeFarmaceuticaV2#totalTransferencias
  From:                0xf39fd6e51aad88f6f4ce6ab8827279cfffb92266
  To:                  0x5fbdb2315678afecb367f032d93f642f64180aa3

[32meth_chainId[0m
[32meth_call[0m
  Contract call:       RastreabilidadeFarmaceuticaV2#consultarOrganizacaoPorId
  From:                0xf39fd6e51aad88f6f4ce6ab8827279cfffb92266
  To:                  0x5fbdb2315678afecb367f032d93f642f64180aa3

[32meth_chainId[0m
[32meth_call[0m
  Contract call:       RastreabilidadeFarmaceuticaV2#listarOrganizacoes
  From:                0xf39fd6e51aad88f6f4ce6ab8827279cfffb92266
  To:                  0x5fbdb2315678afecb367f032d93f642f64180aa3

[32meth_call[0m
  Contract call:       RastreabilidadeFarmaceuticaV2#listarOperadores
  From:                0xf39fd6e51aad88f6f4ce6ab8827279cfffb92266
  To:                  0x5fbdb2315678afecb367f032d93f642f64180aa3

[32meth_call[0m
  Contract call:       RastreabilidadeFarmaceuticaV2#listarLotes
  From:                0xf39fd6e51aad88f6f4ce6ab8827279cfffb92266
  To:                  0x5fbdb2315678afecb367f032d93f642f64180aa3

[32meth_call[0m
  Contract call:       RastreabilidadeFarmaceuticaV2#listarTransferencias
  From:                0xf39fd6e51aad88f6f4ce6ab8827279cfffb92266
  To:                  0x5fbdb2315678afecb367f032d93f642f64180aa3

[32meth_blockNumber[0m
[32meth_chainId[0m
[32meth_call[0m
  Contract call:       RastreabilidadeFarmaceuticaV2#consultarOrganizacaoPorId
  From:                0xf39fd6e51aad88f6f4ce6ab8827279cfffb92266
  To:                  0x5fbdb2315678afecb367f032d93f642f64180aa3

[32meth_call[0m
  Contract call:       RastreabilidadeFarmaceuticaV2#consultarOrganizacaoPorId
  From:                0xf39fd6e51aad88f6f4ce6ab8827279cfffb92266
  To:                  0x5fbdb2315678afecb367f032d93f642f64180aa3

[32meth_call[0m
  Contract call:       RastreabilidadeFarmaceuticaV2#consultarOrganizacaoPorId
  From:                0xf39fd6e51aad88f6f4ce6ab8827279cfffb92266
  To:                  0x5fbdb2315678afecb367f032d93f642f64180aa3

[32meth_call[0m
  Contract call:       RastreabilidadeFarmaceuticaV2#consultarOrganizacaoPorId
  From:                0xf39fd6e51aad88f6f4ce6ab8827279cfffb92266
  To:                  0x5fbdb2315678afecb367f032d93f642f64180aa3

[32meth_call[0m
  Contract call:       RastreabilidadeFarmaceuticaV2#consultarOrganizacaoPorId
  From:                0xf39fd6e51aad88f6f4ce6ab8827279cfffb92266
  To:                  0x5fbdb2315678afecb367f032d93f642f64180aa3

[32meth_call[0m
  Contract call:       RastreabilidadeFarmaceuticaV2#consultarOrganizacaoPorId
  From:                0xf39fd6e51aad88f6f4ce6ab8827279cfffb92266
  To:                  0x5fbdb2315678afecb367f032d93f642f64180aa3

[32meth_call[0m
  Contract call:       RastreabilidadeFarmaceuticaV2#consultarOrganizacaoPorId
  From:                0xf39fd6e51aad88f6f4ce6ab8827279cfffb92266
  To:                  0x5fbdb2315678afecb367f032d93f642f64180aa3

[32meth_call[0m
  Contract call:       RastreabilidadeFarmaceuticaV2#consultarOperadorPorId
  From:                0xf39fd6e51aad88f6f4ce6ab8827279cfffb92266
  To:                  0x5fbdb2315678afecb367f032d93f642f64180aa3

[32meth_call[0m
  Contract call:       RastreabilidadeFarmaceuticaV2#consultarOperadorPorId
  From:                0xf39fd6e51aad88f6f4ce6ab8827279cfffb92266
  To:                  0x5fbdb2315678afecb367f032d93f642f64180aa3

[32meth_call[0m
  Contract call:       RastreabilidadeFarmaceuticaV2#consultarOperadorPorId
  From:                0xf39fd6e51aad88f6f4ce6ab8827279cfffb92266
  To:                  0x5fbdb2315678afecb367f032d93f642f64180aa3

[32meth_call[0m
  Contract call:       RastreabilidadeFarmaceuticaV2#consultarOperadorPorId
  From:                0xf39fd6e51aad88f6f4ce6ab8827279cfffb92266
  To:                  0x5fbdb2315678afecb367f032d93f642f64180aa3

[32meth_call[0m
  Contract call:       RastreabilidadeFarmaceuticaV2#consultarOperadorPorId
  From:                0xf39fd6e51aad88f6f4ce6ab8827279cfffb92266
  To:                  0x5fbdb2315678afecb367f032d93f642f64180aa3

[32meth_call[0m
  Contract call:       RastreabilidadeFarmaceuticaV2#consultarOrganizacaoPorId
  From:                0xf39fd6e51aad88f6f4ce6ab8827279cfffb92266
  To:                  0x5fbdb2315678afecb367f032d93f642f64180aa3

[32meth_call[0m
  Contract call:       RastreabilidadeFarmaceuticaV2#consultarLotePorId
  From:                0xf39fd6e51aad88f6f4ce6ab8827279cfffb92266
  To:                  0x5fbdb2315678afecb367f032d93f642f64180aa3

[32meth_call[0m
  Contract call:       RastreabilidadeFarmaceuticaV2#consultarOperadorPorId
  From:                0xf39fd6e51aad88f6f4ce6ab8827279cfffb92266
  To:                  0x5fbdb2315678afecb367f032d93f642f64180aa3

[32meth_call[0m
  Contract call:       RastreabilidadeFarmaceuticaV2#consultarOperadorPorId
  From:                0xf39fd6e51aad88f6f4ce6ab8827279cfffb92266
  To:                  0x5fbdb2315678afecb367f032d93f642f64180aa3

[32meth_call[0m
  Contract call:       RastreabilidadeFarmaceuticaV2#consultarOperadorPorId
  From:                0xf39fd6e51aad88f6f4ce6ab8827279cfffb92266
  To:                  0x5fbdb2315678afecb367f032d93f642f64180aa3

[32meth_call[0m
  Contract call:       RastreabilidadeFarmaceuticaV2#consultarLotePorId
  From:                0xf39fd6e51aad88f6f4ce6ab8827279cfffb92266
  To:                  0x5fbdb2315678afecb367f032d93f642f64180aa3

[32meth_chainId[0m
[32meth_call[0m
  Contract call:       RastreabilidadeFarmaceuticaV2#consultarSaldoLote
  From:                0xf39fd6e51aad88f6f4ce6ab8827279cfffb92266
  To:                  0x5fbdb2315678afecb367f032d93f642f64180aa3

[32meth_call[0m
  Contract call:       RastreabilidadeFarmaceuticaV2#consultarSaldoLote
  From:                0xf39fd6e51aad88f6f4ce6ab8827279cfffb92266
  To:                  0x5fbdb2315678afecb367f032d93f642f64180aa3

[32meth_getBalance[0m
[32meth_blockNumber[0m
[32meth_getBlockByNumber[0m
[32meth_blockNumber[0m
[32meth_blockNumber (2)[0m
[32meth_blockNumber (3)[0m
[32meth_blockNumber (4)[0m
[32meth_blockNumber (5)[0m
[32meth_blockNumber (6)[0m
[32meth_blockNumber (7)[0m
[32meth_chainId[0m
[32meth_call[0m
  Contract call:       RastreabilidadeFarmaceuticaV2#totalOrganizacoes
  From:                0xf39fd6e51aad88f6f4ce6ab8827279cfffb92266
  To:                  0x5fbdb2315678afecb367f032d93f642f64180aa3

[32meth_call[0m
  Contract call:       RastreabilidadeFarmaceuticaV2#totalOperadores
  From:                0xf39fd6e51aad88f6f4ce6ab8827279cfffb92266
  To:                  0x5fbdb2315678afecb367f032d93f642f64180aa3

[32meth_call[0m
  Contract call:       RastreabilidadeFarmaceuticaV2#totalLotes
  From:                0xf39fd6e51aad88f6f4ce6ab8827279cfffb92266
  To:                  0x5fbdb2315678afecb367f032d93f642f64180aa3

[32meth_call[0m
  Contract call:       RastreabilidadeFarmaceuticaV2#totalTransferencias
  From:                0xf39fd6e51aad88f6f4ce6ab8827279cfffb92266
  To:                  0x5fbdb2315678afecb367f032d93f642f64180aa3

[32meth_call[0m
  Contract call:       RastreabilidadeFarmaceuticaV2#totalRegistrosAuditoria
  From:                0xf39fd6e51aad88f6f4ce6ab8827279cfffb92266
  To:                  0x5fbdb2315678afecb367f032d93f642f64180aa3

[32meth_call[0m
  Contract call:       RastreabilidadeFarmaceuticaV2#consultarOperadorPorCarteira
  From:                0xf39fd6e51aad88f6f4ce6ab8827279cfffb92266
  To:                  0x5fbdb2315678afecb367f032d93f642f64180aa3

[32meth_call[0m
  Contract call:       RastreabilidadeFarmaceuticaV2#sistemaPausado
  From:                0xf39fd6e51aad88f6f4ce6ab8827279cfffb92266
  To:                  0x5fbdb2315678afecb367f032d93f642f64180aa3

[32meth_call[0m
  Contract call:       RastreabilidadeFarmaceuticaV2#operadorReguladorInicialId
  From:                0xf39fd6e51aad88f6f4ce6ab8827279cfffb92266
  To:                  0x5fbdb2315678afecb367f032d93f642f64180aa3

[32meth_call[0m
  Contract call:       RastreabilidadeFarmaceuticaV2#organizacaoReguladoraInicialId
  From:                0xf39fd6e51aad88f6f4ce6ab8827279cfffb92266
  To:                  0x5fbdb2315678afecb367f032d93f642f64180aa3

[32meth_call[0m
  Contract call:       RastreabilidadeFarmaceuticaV2#consultarOrganizacaoPorId
  From:                0xf39fd6e51aad88f6f4ce6ab8827279cfffb92266
  To:                  0x5fbdb2315678afecb367f032d93f642f64180aa3

[32meth_chainId[0m
[32meth_chainId (2)[0m
[32meth_call[0m
  Contract call:       RastreabilidadeFarmaceuticaV2#listarLotes
  From:                0xf39fd6e51aad88f6f4ce6ab8827279cfffb92266
  To:                  0x5fbdb2315678afecb367f032d93f642f64180aa3

[32meth_call[0m
  Contract call:       RastreabilidadeFarmaceuticaV2#listarOperadores
  From:                0xf39fd6e51aad88f6f4ce6ab8827279cfffb92266
  To:                  0x5fbdb2315678afecb367f032d93f642f64180aa3

[32meth_call[0m
  Contract call:       RastreabilidadeFarmaceuticaV2#listarOrganizacoes
  From:                0xf39fd6e51aad88f6f4ce6ab8827279cfffb92266
  To:                  0x5fbdb2315678afecb367f032d93f642f64180aa3

[32meth_call[0m
  Contract call:       RastreabilidadeFarmaceuticaV2#listarTransferencias
  From:                0xf39fd6e51aad88f6f4ce6ab8827279cfffb92266
  To:                  0x5fbdb2315678afecb367f032d93f642f64180aa3

[32meth_chainId[0m
[32meth_call[0m
  Contract call:       RastreabilidadeFarmaceuticaV2#consultarOrganizacaoPorId
  From:                0xf39fd6e51aad88f6f4ce6ab8827279cfffb92266
  To:                  0x5fbdb2315678afecb367f032d93f642f64180aa3

[32meth_call[0m
  Contract call:       RastreabilidadeFarmaceuticaV2#consultarOrganizacaoPorId
  From:                0xf39fd6e51aad88f6f4ce6ab8827279cfffb92266
  To:                  0x5fbdb2315678afecb367f032d93f642f64180aa3

[32meth_call[0m
  Contract call:       RastreabilidadeFarmaceuticaV2#consultarOrganizacaoPorId
  From:                0xf39fd6e51aad88f6f4ce6ab8827279cfffb92266
  To:                  0x5fbdb2315678afecb367f032d93f642f64180aa3

[32meth_call[0m
  Contract call:       RastreabilidadeFarmaceuticaV2#consultarOrganizacaoPorId
  From:                0xf39fd6e51aad88f6f4ce6ab8827279cfffb92266
  To:                  0x5fbdb2315678afecb367f032d93f642f64180aa3

[32meth_call[0m
  Contract call:       RastreabilidadeFarmaceuticaV2#consultarOrganizacaoPorId
  From:                0xf39fd6e51aad88f6f4ce6ab8827279cfffb92266
  To:                  0x5fbdb2315678afecb367f032d93f642f64180aa3

[32meth_call[0m
  Contract call:       RastreabilidadeFarmaceuticaV2#consultarOrganizacaoPorId
  From:                0xf39fd6e51aad88f6f4ce6ab8827279cfffb92266
  To:                  0x5fbdb2315678afecb367f032d93f642f64180aa3

[32meth_call[0m
  Contract call:       RastreabilidadeFarmaceuticaV2#consultarOrganizacaoPorId
  From:                0xf39fd6e51aad88f6f4ce6ab8827279cfffb92266
  To:                  0x5fbdb2315678afecb367f032d93f642f64180aa3

[32meth_call[0m
  Contract call:       RastreabilidadeFarmaceuticaV2#consultarOperadorPorId
  From:                0xf39fd6e51aad88f6f4ce6ab8827279cfffb92266
  To:                  0x5fbdb2315678afecb367f032d93f642f64180aa3

[32meth_call[0m
  Contract call:       RastreabilidadeFarmaceuticaV2#consultarOperadorPorId
  From:                0xf39fd6e51aad88f6f4ce6ab8827279cfffb92266
  To:                  0x5fbdb2315678afecb367f032d93f642f64180aa3

[32meth_call[0m
  Contract call:       RastreabilidadeFarmaceuticaV2#consultarOperadorPorId
  From:                0xf39fd6e51aad88f6f4ce6ab8827279cfffb92266
  To:                  0x5fbdb2315678afecb367f032d93f642f64180aa3

[32meth_call[0m
  Contract call:       RastreabilidadeFarmaceuticaV2#consultarOperadorPorId
  From:                0xf39fd6e51aad88f6f4ce6ab8827279cfffb92266
  To:                  0x5fbdb2315678afecb367f032d93f642f64180aa3

[32meth_call[0m
  Contract call:       RastreabilidadeFarmaceuticaV2#consultarOperadorPorId
  From:                0xf39fd6e51aad88f6f4ce6ab8827279cfffb92266
  To:                  0x5fbdb2315678afecb367f032d93f642f64180aa3

[32meth_call[0m
  Contract call:       RastreabilidadeFarmaceuticaV2#consultarLotePorId
  From:                0xf39fd6e51aad88f6f4ce6ab8827279cfffb92266
  To:                  0x5fbdb2315678afecb367f032d93f642f64180aa3

[32meth_call[0m
  Contract call:       RastreabilidadeFarmaceuticaV2#consultarOperadorPorId
  From:                0xf39fd6e51aad88f6f4ce6ab8827279cfffb92266
  To:                  0x5fbdb2315678afecb367f032d93f642f64180aa3

[32meth_call[0m
  Contract call:       RastreabilidadeFarmaceuticaV2#consultarOrganizacaoPorId
  From:                0xf39fd6e51aad88f6f4ce6ab8827279cfffb92266
  To:                  0x5fbdb2315678afecb367f032d93f642f64180aa3

[32meth_call[0m
  Contract call:       RastreabilidadeFarmaceuticaV2#consultarOperadorPorId
  From:                0xf39fd6e51aad88f6f4ce6ab8827279cfffb92266
  To:                  0x5fbdb2315678afecb367f032d93f642f64180aa3

[32meth_call[0m
  Contract call:       RastreabilidadeFarmaceuticaV2#consultarLotePorId
  From:                0xf39fd6e51aad88f6f4ce6ab8827279cfffb92266
  To:                  0x5fbdb2315678afecb367f032d93f642f64180aa3

[32meth_call[0m
  Contract call:       RastreabilidadeFarmaceuticaV2#consultarOperadorPorId
  From:                0xf39fd6e51aad88f6f4ce6ab8827279cfffb92266
  To:                  0x5fbdb2315678afecb367f032d93f642f64180aa3

[32meth_chainId[0m
[32meth_call[0m
  Contract call:       RastreabilidadeFarmaceuticaV2#consultarSaldoLote
  From:                0xf39fd6e51aad88f6f4ce6ab8827279cfffb92266
  To:                  0x5fbdb2315678afecb367f032d93f642f64180aa3

[32meth_call[0m
  Contract call:       RastreabilidadeFarmaceuticaV2#consultarSaldoLote
  From:                0xf39fd6e51aad88f6f4ce6ab8827279cfffb92266
  To:                  0x5fbdb2315678afecb367f032d93f642f64180aa3

[32meth_blockNumber[0m
[32meth_blockNumber (2)[0m
[32meth_blockNumber (3)[0m
[32meth_chainId[0m
[32meth_call[0m
  Contract call:       RastreabilidadeFarmaceuticaV2#totalOrganizacoes
  From:                0xf39fd6e51aad88f6f4ce6ab8827279cfffb92266
  To:                  0x5fbdb2315678afecb367f032d93f642f64180aa3

[32meth_call[0m
  Contract call:       RastreabilidadeFarmaceuticaV2#totalOperadores
  From:                0xf39fd6e51aad88f6f4ce6ab8827279cfffb92266
  To:                  0x5fbdb2315678afecb367f032d93f642f64180aa3

[32meth_call[0m
  Contract call:       RastreabilidadeFarmaceuticaV2#totalLotes
  From:                0xf39fd6e51aad88f6f4ce6ab8827279cfffb92266
  To:                  0x5fbdb2315678afecb367f032d93f642f64180aa3

[32meth_call[0m
  Contract call:       RastreabilidadeFarmaceuticaV2#totalTransferencias
  From:                0xf39fd6e51aad88f6f4ce6ab8827279cfffb92266
  To:                  0x5fbdb2315678afecb367f032d93f642f64180aa3

[32meth_call[0m
  Contract call:       RastreabilidadeFarmaceuticaV2#totalRegistrosAuditoria
  From:                0xf39fd6e51aad88f6f4ce6ab8827279cfffb92266
  To:                  0x5fbdb2315678afecb367f032d93f642f64180aa3

[32meth_call[0m
  Contract call:       RastreabilidadeFarmaceuticaV2#sistemaPausado
  From:                0xf39fd6e51aad88f6f4ce6ab8827279cfffb92266
  To:                  0x5fbdb2315678afecb367f032d93f642f64180aa3

[32meth_call[0m
  Contract call:       RastreabilidadeFarmaceuticaV2#organizacaoReguladoraInicialId
  From:                0xf39fd6e51aad88f6f4ce6ab8827279cfffb92266
  To:                  0x5fbdb2315678afecb367f032d93f642f64180aa3

[32meth_call[0m
  Contract call:       RastreabilidadeFarmaceuticaV2#operadorReguladorInicialId
  From:                0xf39fd6e51aad88f6f4ce6ab8827279cfffb92266
  To:                  0x5fbdb2315678afecb367f032d93f642f64180aa3

[32meth_call[0m
  Contract call:       RastreabilidadeFarmaceuticaV2#consultarOperadorPorCarteira
  From:                0xf39fd6e51aad88f6f4ce6ab8827279cfffb92266
  To:                  0x5fbdb2315678afecb367f032d93f642f64180aa3

[32meth_chainId[0m
[32meth_call[0m
  Contract call:       RastreabilidadeFarmaceuticaV2#consultarOrganizacaoPorId
  From:                0xf39fd6e51aad88f6f4ce6ab8827279cfffb92266
  To:                  0x5fbdb2315678afecb367f032d93f642f64180aa3

[32meth_chainId[0m
[32meth_call[0m
  Contract call:       RastreabilidadeFarmaceuticaV2#listarOrganizacoes
  From:                0xf39fd6e51aad88f6f4ce6ab8827279cfffb92266
  To:                  0x5fbdb2315678afecb367f032d93f642f64180aa3

[32meth_call[0m
  Contract call:       RastreabilidadeFarmaceuticaV2#listarOperadores
  From:                0xf39fd6e51aad88f6f4ce6ab8827279cfffb92266
  To:                  0x5fbdb2315678afecb367f032d93f642f64180aa3

[32meth_call[0m
  Contract call:       RastreabilidadeFarmaceuticaV2#listarLotes
  From:                0xf39fd6e51aad88f6f4ce6ab8827279cfffb92266
  To:                  0x5fbdb2315678afecb367f032d93f642f64180aa3

[32meth_call[0m
  Contract call:       RastreabilidadeFarmaceuticaV2#listarTransferencias
  From:                0xf39fd6e51aad88f6f4ce6ab8827279cfffb92266
  To:                  0x5fbdb2315678afecb367f032d93f642f64180aa3

[32meth_chainId[0m
[32meth_call[0m
  Contract call:       RastreabilidadeFarmaceuticaV2#consultarOrganizacaoPorId
  From:                0xf39fd6e51aad88f6f4ce6ab8827279cfffb92266
  To:                  0x5fbdb2315678afecb367f032d93f642f64180aa3

[32meth_call[0m
  Contract call:       RastreabilidadeFarmaceuticaV2#consultarOrganizacaoPorId
  From:                0xf39fd6e51aad88f6f4ce6ab8827279cfffb92266
  To:                  0x5fbdb2315678afecb367f032d93f642f64180aa3

[32meth_call[0m
  Contract call:       RastreabilidadeFarmaceuticaV2#consultarOrganizacaoPorId
  From:                0xf39fd6e51aad88f6f4ce6ab8827279cfffb92266
  To:                  0x5fbdb2315678afecb367f032d93f642f64180aa3

[32meth_call[0m
  Contract call:       RastreabilidadeFarmaceuticaV2#consultarOrganizacaoPorId
  From:                0xf39fd6e51aad88f6f4ce6ab8827279cfffb92266
  To:                  0x5fbdb2315678afecb367f032d93f642f64180aa3

[32meth_call[0m
  Contract call:       RastreabilidadeFarmaceuticaV2#consultarOrganizacaoPorId
  From:                0xf39fd6e51aad88f6f4ce6ab8827279cfffb92266
  To:                  0x5fbdb2315678afecb367f032d93f642f64180aa3

[32meth_call[0m
  Contract call:       RastreabilidadeFarmaceuticaV2#consultarOrganizacaoPorId
  From:                0xf39fd6e51aad88f6f4ce6ab8827279cfffb92266
  To:                  0x5fbdb2315678afecb367f032d93f642f64180aa3

[32meth_call[0m
  Contract call:       RastreabilidadeFarmaceuticaV2#consultarOrganizacaoPorId
  From:                0xf39fd6e51aad88f6f4ce6ab8827279cfffb92266
  To:                  0x5fbdb2315678afecb367f032d93f642f64180aa3

[32meth_call[0m
  Contract call:       RastreabilidadeFarmaceuticaV2#consultarOperadorPorId
  From:                0xf39fd6e51aad88f6f4ce6ab8827279cfffb92266
  To:                  0x5fbdb2315678afecb367f032d93f642f64180aa3

[32meth_call[0m
  Contract call:       RastreabilidadeFarmaceuticaV2#consultarOperadorPorId
  From:                0xf39fd6e51aad88f6f4ce6ab8827279cfffb92266
  To:                  0x5fbdb2315678afecb367f032d93f642f64180aa3

[32meth_call[0m
  Contract call:       RastreabilidadeFarmaceuticaV2#consultarOrganizacaoPorId
  From:                0xf39fd6e51aad88f6f4ce6ab8827279cfffb92266
  To:                  0x5fbdb2315678afecb367f032d93f642f64180aa3

[32meth_call[0m
  Contract call:       RastreabilidadeFarmaceuticaV2#consultarOperadorPorId
  From:                0xf39fd6e51aad88f6f4ce6ab8827279cfffb92266
  To:                  0x5fbdb2315678afecb367f032d93f642f64180aa3

[32meth_call[0m
  Contract call:       RastreabilidadeFarmaceuticaV2#consultarOperadorPorId
  From:                0xf39fd6e51aad88f6f4ce6ab8827279cfffb92266
  To:                  0x5fbdb2315678afecb367f032d93f642f64180aa3

[32meth_call[0m
  Contract call:       RastreabilidadeFarmaceuticaV2#consultarOperadorPorId
  From:                0xf39fd6e51aad88f6f4ce6ab8827279cfffb92266
  To:                  0x5fbdb2315678afecb367f032d93f642f64180aa3

[32meth_call[0m
  Contract call:       RastreabilidadeFarmaceuticaV2#consultarOperadorPorId
  From:                0xf39fd6e51aad88f6f4ce6ab8827279cfffb92266
  To:                  0x5fbdb2315678afecb367f032d93f642f64180aa3

[32meth_call[0m
  Contract call:       RastreabilidadeFarmaceuticaV2#consultarOperadorPorId
  From:                0xf39fd6e51aad88f6f4ce6ab8827279cfffb92266
  To:                  0x5fbdb2315678afecb367f032d93f642f64180aa3

[32meth_call[0m
  Contract call:       RastreabilidadeFarmaceuticaV2#consultarOperadorPorId
  From:                0xf39fd6e51aad88f6f4ce6ab8827279cfffb92266
  To:                  0x5fbdb2315678afecb367f032d93f642f64180aa3

[32meth_call[0m
  Contract call:       RastreabilidadeFarmaceuticaV2#consultarLotePorId
  From:                0xf39fd6e51aad88f6f4ce6ab8827279cfffb92266
  To:                  0x5fbdb2315678afecb367f032d93f642f64180aa3

[32meth_call[0m
  Contract call:       RastreabilidadeFarmaceuticaV2#consultarLotePorId
  From:                0xf39fd6e51aad88f6f4ce6ab8827279cfffb92266
  To:                  0x5fbdb2315678afecb367f032d93f642f64180aa3

[32meth_chainId[0m
[32meth_call[0m
  Contract call:       RastreabilidadeFarmaceuticaV2#consultarSaldoLote
  From:                0xf39fd6e51aad88f6f4ce6ab8827279cfffb92266
  To:                  0x5fbdb2315678afecb367f032d93f642f64180aa3

[32meth_call[0m
  Contract call:       RastreabilidadeFarmaceuticaV2#consultarSaldoLote
  From:                0xf39fd6e51aad88f6f4ce6ab8827279cfffb92266
  To:                  0x5fbdb2315678afecb367f032d93f642f64180aa3

[32meth_blockNumber[0m
[32meth_blockNumber (2)[0m
[32meth_chainId[0m
[32meth_call[0m
  Contract call:       RastreabilidadeFarmaceuticaV2#totalLotes
  From:                0xf39fd6e51aad88f6f4ce6ab8827279cfffb92266
  To:                  0x5fbdb2315678afecb367f032d93f642f64180aa3

[32meth_call[0m
  Contract call:       RastreabilidadeFarmaceuticaV2#totalOrganizacoes
  From:                0xf39fd6e51aad88f6f4ce6ab8827279cfffb92266
  To:                  0x5fbdb2315678afecb367f032d93f642f64180aa3

[32meth_call[0m
  Contract call:       RastreabilidadeFarmaceuticaV2#totalOperadores
  From:                0xf39fd6e51aad88f6f4ce6ab8827279cfffb92266
  To:                  0x5fbdb2315678afecb367f032d93f642f64180aa3

[32meth_call[0m
  Contract call:       RastreabilidadeFarmaceuticaV2#totalRegistrosAuditoria
  From:                0xf39fd6e51aad88f6f4ce6ab8827279cfffb92266
  To:                  0x5fbdb2315678afecb367f032d93f642f64180aa3

[32meth_call[0m
  Contract call:       RastreabilidadeFarmaceuticaV2#sistemaPausado
  From:                0xf39fd6e51aad88f6f4ce6ab8827279cfffb92266
  To:                  0x5fbdb2315678afecb367f032d93f642f64180aa3

[32meth_call[0m
  Contract call:       RastreabilidadeFarmaceuticaV2#organizacaoReguladoraInicialId
  From:                0xf39fd6e51aad88f6f4ce6ab8827279cfffb92266
  To:                  0x5fbdb2315678afecb367f032d93f642f64180aa3

[32meth_call[0m
  Contract call:       RastreabilidadeFarmaceuticaV2#consultarOperadorPorCarteira
  From:                0xf39fd6e51aad88f6f4ce6ab8827279cfffb92266
  To:                  0x5fbdb2315678afecb367f032d93f642f64180aa3

[32meth_call[0m
  Contract call:       RastreabilidadeFarmaceuticaV2#totalTransferencias
  From:                0xf39fd6e51aad88f6f4ce6ab8827279cfffb92266
  To:                  0x5fbdb2315678afecb367f032d93f642f64180aa3

[32meth_call[0m
  Contract call:       RastreabilidadeFarmaceuticaV2#operadorReguladorInicialId
  From:                0xf39fd6e51aad88f6f4ce6ab8827279cfffb92266
  To:                  0x5fbdb2315678afecb367f032d93f642f64180aa3

[32meth_chainId[0m
[32meth_call[0m
  Contract call:       RastreabilidadeFarmaceuticaV2#consultarOrganizacaoPorId
  From:                0xf39fd6e51aad88f6f4ce6ab8827279cfffb92266
  To:                  0x5fbdb2315678afecb367f032d93f642f64180aa3

[32meth_chainId[0m
[32meth_call[0m
  Contract call:       RastreabilidadeFarmaceuticaV2#listarTransferencias
  From:                0xf39fd6e51aad88f6f4ce6ab8827279cfffb92266
  To:                  0x5fbdb2315678afecb367f032d93f642f64180aa3

[32meth_call[0m
  Contract call:       RastreabilidadeFarmaceuticaV2#listarLotes
  From:                0xf39fd6e51aad88f6f4ce6ab8827279cfffb92266
  To:                  0x5fbdb2315678afecb367f032d93f642f64180aa3

[32meth_call[0m
  Contract call:       RastreabilidadeFarmaceuticaV2#listarOperadores
  From:                0xf39fd6e51aad88f6f4ce6ab8827279cfffb92266
  To:                  0x5fbdb2315678afecb367f032d93f642f64180aa3

[32meth_call[0m
  Contract call:       RastreabilidadeFarmaceuticaV2#listarOrganizacoes
  From:                0xf39fd6e51aad88f6f4ce6ab8827279cfffb92266
  To:                  0x5fbdb2315678afecb367f032d93f642f64180aa3

[32meth_chainId[0m
[32meth_call[0m
  Contract call:       RastreabilidadeFarmaceuticaV2#consultarOrganizacaoPorId
  From:                0xf39fd6e51aad88f6f4ce6ab8827279cfffb92266
  To:                  0x5fbdb2315678afecb367f032d93f642f64180aa3

[32meth_call[0m
  Contract call:       RastreabilidadeFarmaceuticaV2#consultarOrganizacaoPorId
  From:                0xf39fd6e51aad88f6f4ce6ab8827279cfffb92266
  To:                  0x5fbdb2315678afecb367f032d93f642f64180aa3

[32meth_call[0m
  Contract call:       RastreabilidadeFarmaceuticaV2#consultarOrganizacaoPorId
  From:                0xf39fd6e51aad88f6f4ce6ab8827279cfffb92266
  To:                  0x5fbdb2315678afecb367f032d93f642f64180aa3

[32meth_call[0m
  Contract call:       RastreabilidadeFarmaceuticaV2#consultarOrganizacaoPorId
  From:                0xf39fd6e51aad88f6f4ce6ab8827279cfffb92266
  To:                  0x5fbdb2315678afecb367f032d93f642f64180aa3

[32meth_call[0m
  Contract call:       RastreabilidadeFarmaceuticaV2#consultarOrganizacaoPorId
  From:                0xf39fd6e51aad88f6f4ce6ab8827279cfffb92266
  To:                  0x5fbdb2315678afecb367f032d93f642f64180aa3

[32meth_call[0m
  Contract call:       RastreabilidadeFarmaceuticaV2#consultarOrganizacaoPorId
  From:                0xf39fd6e51aad88f6f4ce6ab8827279cfffb92266
  To:                  0x5fbdb2315678afecb367f032d93f642f64180aa3

[32meth_call[0m
  Contract call:       RastreabilidadeFarmaceuticaV2#consultarOrganizacaoPorId
  From:                0xf39fd6e51aad88f6f4ce6ab8827279cfffb92266
  To:                  0x5fbdb2315678afecb367f032d93f642f64180aa3

[32meth_call[0m
  Contract call:       RastreabilidadeFarmaceuticaV2#consultarOperadorPorId
  From:                0xf39fd6e51aad88f6f4ce6ab8827279cfffb92266
  To:                  0x5fbdb2315678afecb367f032d93f642f64180aa3

[32meth_call[0m
  Contract call:       RastreabilidadeFarmaceuticaV2#consultarOperadorPorId
  From:                0xf39fd6e51aad88f6f4ce6ab8827279cfffb92266
  To:                  0x5fbdb2315678afecb367f032d93f642f64180aa3

[32meth_call[0m
  Contract call:       RastreabilidadeFarmaceuticaV2#consultarOperadorPorId
  From:                0xf39fd6e51aad88f6f4ce6ab8827279cfffb92266
  To:                  0x5fbdb2315678afecb367f032d93f642f64180aa3

[32meth_call[0m
  Contract call:       RastreabilidadeFarmaceuticaV2#consultarOperadorPorId
  From:                0xf39fd6e51aad88f6f4ce6ab8827279cfffb92266
  To:                  0x5fbdb2315678afecb367f032d93f642f64180aa3

[32meth_call[0m
  Contract call:       RastreabilidadeFarmaceuticaV2#consultarOperadorPorId
  From:                0xf39fd6e51aad88f6f4ce6ab8827279cfffb92266
  To:                  0x5fbdb2315678afecb367f032d93f642f64180aa3

[32meth_call[0m
  Contract call:       RastreabilidadeFarmaceuticaV2#consultarOperadorPorId
  From:                0xf39fd6e51aad88f6f4ce6ab8827279cfffb92266
  To:                  0x5fbdb2315678afecb367f032d93f642f64180aa3

[32meth_call[0m
  Contract call:       RastreabilidadeFarmaceuticaV2#consultarOrganizacaoPorId
  From:                0xf39fd6e51aad88f6f4ce6ab8827279cfffb92266
  To:                  0x5fbdb2315678afecb367f032d93f642f64180aa3

[32meth_call[0m
  Contract call:       RastreabilidadeFarmaceuticaV2#consultarOperadorPorId
  From:                0xf39fd6e51aad88f6f4ce6ab8827279cfffb92266
  To:                  0x5fbdb2315678afecb367f032d93f642f64180aa3

[32meth_call[0m
  Contract call:       RastreabilidadeFarmaceuticaV2#consultarLotePorId
  From:                0xf39fd6e51aad88f6f4ce6ab8827279cfffb92266
  To:                  0x5fbdb2315678afecb367f032d93f642f64180aa3

[32meth_call[0m
  Contract call:       RastreabilidadeFarmaceuticaV2#consultarLotePorId
  From:                0xf39fd6e51aad88f6f4ce6ab8827279cfffb92266
  To:                  0x5fbdb2315678afecb367f032d93f642f64180aa3

[32meth_call[0m
  Contract call:       RastreabilidadeFarmaceuticaV2#consultarOperadorPorId
  From:                0xf39fd6e51aad88f6f4ce6ab8827279cfffb92266
  To:                  0x5fbdb2315678afecb367f032d93f642f64180aa3

[32meth_chainId[0m
[32meth_call[0m
  Contract call:       RastreabilidadeFarmaceuticaV2#consultarSaldoLote
  From:                0xf39fd6e51aad88f6f4ce6ab8827279cfffb92266
  To:                  0x5fbdb2315678afecb367f032d93f642f64180aa3

[32meth_call[0m
  Contract call:       RastreabilidadeFarmaceuticaV2#consultarSaldoLote
  From:                0xf39fd6e51aad88f6f4ce6ab8827279cfffb92266
  To:                  0x5fbdb2315678afecb367f032d93f642f64180aa3

[32meth_blockNumber[0m
[32meth_blockNumber (2)[0m
[32meth_blockNumber (3)[0m
[32meth_blockNumber (4)[0m
[32meth_chainId[0m
[32meth_call[0m
  Contract call:       RastreabilidadeFarmaceuticaV2#totalOperadores
  From:                0xf39fd6e51aad88f6f4ce6ab8827279cfffb92266
  To:                  0x5fbdb2315678afecb367f032d93f642f64180aa3

[32meth_call[0m
  Contract call:       RastreabilidadeFarmaceuticaV2#totalOrganizacoes
  From:                0xf39fd6e51aad88f6f4ce6ab8827279cfffb92266
  To:                  0x5fbdb2315678afecb367f032d93f642f64180aa3

[32meth_call[0m
  Contract call:       RastreabilidadeFarmaceuticaV2#totalLotes
  From:                0xf39fd6e51aad88f6f4ce6ab8827279cfffb92266
  To:                  0x5fbdb2315678afecb367f032d93f642f64180aa3

[32meth_call[0m
  Contract call:       RastreabilidadeFarmaceuticaV2#totalTransferencias
  From:                0xf39fd6e51aad88f6f4ce6ab8827279cfffb92266
  To:                  0x5fbdb2315678afecb367f032d93f642f64180aa3

[32meth_call[0m
  Contract call:       RastreabilidadeFarmaceuticaV2#totalRegistrosAuditoria
  From:                0xf39fd6e51aad88f6f4ce6ab8827279cfffb92266
  To:                  0x5fbdb2315678afecb367f032d93f642f64180aa3

[32meth_call[0m
  Contract call:       RastreabilidadeFarmaceuticaV2#sistemaPausado
  From:                0xf39fd6e51aad88f6f4ce6ab8827279cfffb92266
  To:                  0x5fbdb2315678afecb367f032d93f642f64180aa3

[32meth_call[0m
  Contract call:       RastreabilidadeFarmaceuticaV2#organizacaoReguladoraInicialId
  From:                0xf39fd6e51aad88f6f4ce6ab8827279cfffb92266
  To:                  0x5fbdb2315678afecb367f032d93f642f64180aa3

[32meth_call[0m
  Contract call:       RastreabilidadeFarmaceuticaV2#operadorReguladorInicialId
  From:                0xf39fd6e51aad88f6f4ce6ab8827279cfffb92266
  To:                  0x5fbdb2315678afecb367f032d93f642f64180aa3

[32meth_call[0m
  Contract call:       RastreabilidadeFarmaceuticaV2#consultarOperadorPorCarteira
  From:                0xf39fd6e51aad88f6f4ce6ab8827279cfffb92266
  To:                  0x5fbdb2315678afecb367f032d93f642f64180aa3

[32meth_chainId[0m
[32meth_call[0m
  Contract call:       RastreabilidadeFarmaceuticaV2#consultarOrganizacaoPorId
  From:                0xf39fd6e51aad88f6f4ce6ab8827279cfffb92266
  To:                  0x5fbdb2315678afecb367f032d93f642f64180aa3

[32meth_chainId[0m
[32meth_call[0m
  Contract call:       RastreabilidadeFarmaceuticaV2#listarOrganizacoes
  From:                0xf39fd6e51aad88f6f4ce6ab8827279cfffb92266
  To:                  0x5fbdb2315678afecb367f032d93f642f64180aa3

[32meth_call[0m
  Contract call:       RastreabilidadeFarmaceuticaV2#listarLotes
  From:                0xf39fd6e51aad88f6f4ce6ab8827279cfffb92266
  To:                  0x5fbdb2315678afecb367f032d93f642f64180aa3

[32meth_call[0m
  Contract call:       RastreabilidadeFarmaceuticaV2#listarOperadores
  From:                0xf39fd6e51aad88f6f4ce6ab8827279cfffb92266
  To:                  0x5fbdb2315678afecb367f032d93f642f64180aa3

[32meth_call[0m
  Contract call:       RastreabilidadeFarmaceuticaV2#listarTransferencias
  From:                0xf39fd6e51aad88f6f4ce6ab8827279cfffb92266
  To:                  0x5fbdb2315678afecb367f032d93f642f64180aa3

[32meth_chainId[0m
[32meth_call[0m
  Contract call:       RastreabilidadeFarmaceuticaV2#consultarOrganizacaoPorId
  From:                0xf39fd6e51aad88f6f4ce6ab8827279cfffb92266
  To:                  0x5fbdb2315678afecb367f032d93f642f64180aa3

[32meth_call[0m
  Contract call:       RastreabilidadeFarmaceuticaV2#consultarOrganizacaoPorId
  From:                0xf39fd6e51aad88f6f4ce6ab8827279cfffb92266
  To:                  0x5fbdb2315678afecb367f032d93f642f64180aa3

[32meth_call[0m
  Contract call:       RastreabilidadeFarmaceuticaV2#consultarOrganizacaoPorId
  From:                0xf39fd6e51aad88f6f4ce6ab8827279cfffb92266
  To:                  0x5fbdb2315678afecb367f032d93f642f64180aa3

[32meth_call[0m
  Contract call:       RastreabilidadeFarmaceuticaV2#consultarOrganizacaoPorId
  From:                0xf39fd6e51aad88f6f4ce6ab8827279cfffb92266
  To:                  0x5fbdb2315678afecb367f032d93f642f64180aa3

[32meth_call[0m
  Contract call:       RastreabilidadeFarmaceuticaV2#consultarOrganizacaoPorId
  From:                0xf39fd6e51aad88f6f4ce6ab8827279cfffb92266
  To:                  0x5fbdb2315678afecb367f032d93f642f64180aa3

[32meth_call[0m
  Contract call:       RastreabilidadeFarmaceuticaV2#consultarOrganizacaoPorId
  From:                0xf39fd6e51aad88f6f4ce6ab8827279cfffb92266
  To:                  0x5fbdb2315678afecb367f032d93f642f64180aa3

[32meth_call[0m
  Contract call:       RastreabilidadeFarmaceuticaV2#consultarOrganizacaoPorId
  From:                0xf39fd6e51aad88f6f4ce6ab8827279cfffb92266
  To:                  0x5fbdb2315678afecb367f032d93f642f64180aa3

[32meth_call[0m
  Contract call:       RastreabilidadeFarmaceuticaV2#consultarOrganizacaoPorId
  From:                0xf39fd6e51aad88f6f4ce6ab8827279cfffb92266
  To:                  0x5fbdb2315678afecb367f032d93f642f64180aa3

[32meth_call[0m
  Contract call:       RastreabilidadeFarmaceuticaV2#consultarOperadorPorId
  From:                0xf39fd6e51aad88f6f4ce6ab8827279cfffb92266
  To:                  0x5fbdb2315678afecb367f032d93f642f64180aa3

[32meth_call[0m
  Contract call:       RastreabilidadeFarmaceuticaV2#consultarOperadorPorId
  From:                0xf39fd6e51aad88f6f4ce6ab8827279cfffb92266
  To:                  0x5fbdb2315678afecb367f032d93f642f64180aa3

[32meth_call[0m
  Contract call:       RastreabilidadeFarmaceuticaV2#consultarOperadorPorId
  From:                0xf39fd6e51aad88f6f4ce6ab8827279cfffb92266
  To:                  0x5fbdb2315678afecb367f032d93f642f64180aa3

[32meth_call[0m
  Contract call:       RastreabilidadeFarmaceuticaV2#consultarOperadorPorId
  From:                0xf39fd6e51aad88f6f4ce6ab8827279cfffb92266
  To:                  0x5fbdb2315678afecb367f032d93f642f64180aa3

[32meth_call[0m
  Contract call:       RastreabilidadeFarmaceuticaV2#consultarOperadorPorId
  From:                0xf39fd6e51aad88f6f4ce6ab8827279cfffb92266
  To:                  0x5fbdb2315678afecb367f032d93f642f64180aa3

[32meth_call[0m
  Contract call:       RastreabilidadeFarmaceuticaV2#consultarOperadorPorId
  From:                0xf39fd6e51aad88f6f4ce6ab8827279cfffb92266
  To:                  0x5fbdb2315678afecb367f032d93f642f64180aa3

[32meth_call[0m
  Contract call:       RastreabilidadeFarmaceuticaV2#consultarOperadorPorId
  From:                0xf39fd6e51aad88f6f4ce6ab8827279cfffb92266
  To:                  0x5fbdb2315678afecb367f032d93f642f64180aa3

[32meth_call[0m
  Contract call:       RastreabilidadeFarmaceuticaV2#consultarLotePorId
  From:                0xf39fd6e51aad88f6f4ce6ab8827279cfffb92266
  To:                  0x5fbdb2315678afecb367f032d93f642f64180aa3

[32meth_call[0m
  Contract call:       RastreabilidadeFarmaceuticaV2#consultarLotePorId
  From:                0xf39fd6e51aad88f6f4ce6ab8827279cfffb92266
  To:                  0x5fbdb2315678afecb367f032d93f642f64180aa3

[32meth_call[0m
  Contract call:       RastreabilidadeFarmaceuticaV2#consultarOperadorPorId
  From:                0xf39fd6e51aad88f6f4ce6ab8827279cfffb92266
  To:                  0x5fbdb2315678afecb367f032d93f642f64180aa3

[32meth_chainId[0m
[32meth_call[0m
  Contract call:       RastreabilidadeFarmaceuticaV2#consultarSaldoLote
  From:                0xf39fd6e51aad88f6f4ce6ab8827279cfffb92266
  To:                  0x5fbdb2315678afecb367f032d93f642f64180aa3

[32meth_call[0m
  Contract call:       RastreabilidadeFarmaceuticaV2#consultarSaldoLote
  From:                0xf39fd6e51aad88f6f4ce6ab8827279cfffb92266
  To:                  0x5fbdb2315678afecb367f032d93f642f64180aa3

[32meth_blockNumber[0m
[32meth_blockNumber (2)[0m
[32meth_blockNumber (3)[0m
[32meth_chainId[0m
[32meth_call[0m
  Contract call:       RastreabilidadeFarmaceuticaV2#totalRegistrosAuditoria
  From:                0xf39fd6e51aad88f6f4ce6ab8827279cfffb92266
  To:                  0x5fbdb2315678afecb367f032d93f642f64180aa3

[32meth_call[0m
  Contract call:       RastreabilidadeFarmaceuticaV2#totalLotes
  From:                0xf39fd6e51aad88f6f4ce6ab8827279cfffb92266
  To:                  0x5fbdb2315678afecb367f032d93f642f64180aa3

[32meth_call[0m
  Contract call:       RastreabilidadeFarmaceuticaV2#organizacaoReguladoraInicialId
  From:                0xf39fd6e51aad88f6f4ce6ab8827279cfffb92266
  To:                  0x5fbdb2315678afecb367f032d93f642f64180aa3

[32meth_call[0m
  Contract call:       RastreabilidadeFarmaceuticaV2#operadorReguladorInicialId
  From:                0xf39fd6e51aad88f6f4ce6ab8827279cfffb92266
  To:                  0x5fbdb2315678afecb367f032d93f642f64180aa3

[32meth_call[0m
  Contract call:       RastreabilidadeFarmaceuticaV2#totalOperadores
  From:                0xf39fd6e51aad88f6f4ce6ab8827279cfffb92266
  To:                  0x5fbdb2315678afecb367f032d93f642f64180aa3

[32meth_call[0m
  Contract call:       RastreabilidadeFarmaceuticaV2#consultarOperadorPorCarteira
  From:                0xf39fd6e51aad88f6f4ce6ab8827279cfffb92266
  To:                  0x5fbdb2315678afecb367f032d93f642f64180aa3

[32meth_call[0m
  Contract call:       RastreabilidadeFarmaceuticaV2#totalTransferencias
  From:                0xf39fd6e51aad88f6f4ce6ab8827279cfffb92266
  To:                  0x5fbdb2315678afecb367f032d93f642f64180aa3

[32meth_call[0m
  Contract call:       RastreabilidadeFarmaceuticaV2#totalOrganizacoes
  From:                0xf39fd6e51aad88f6f4ce6ab8827279cfffb92266
  To:                  0x5fbdb2315678afecb367f032d93f642f64180aa3

[32meth_call[0m
  Contract call:       RastreabilidadeFarmaceuticaV2#sistemaPausado
  From:                0xf39fd6e51aad88f6f4ce6ab8827279cfffb92266
  To:                  0x5fbdb2315678afecb367f032d93f642f64180aa3

[32meth_chainId[0m
[32meth_call[0m
  Contract call:       RastreabilidadeFarmaceuticaV2#consultarOrganizacaoPorId
  From:                0xf39fd6e51aad88f6f4ce6ab8827279cfffb92266
  To:                  0x5fbdb2315678afecb367f032d93f642f64180aa3

[32meth_chainId[0m
[32meth_call[0m
  Contract call:       RastreabilidadeFarmaceuticaV2#listarOrganizacoes
  From:                0xf39fd6e51aad88f6f4ce6ab8827279cfffb92266
  To:                  0x5fbdb2315678afecb367f032d93f642f64180aa3

[32meth_call[0m
  Contract call:       RastreabilidadeFarmaceuticaV2#listarLotes
  From:                0xf39fd6e51aad88f6f4ce6ab8827279cfffb92266
  To:                  0x5fbdb2315678afecb367f032d93f642f64180aa3

[32meth_call[0m
  Contract call:       RastreabilidadeFarmaceuticaV2#listarOperadores
  From:                0xf39fd6e51aad88f6f4ce6ab8827279cfffb92266
  To:                  0x5fbdb2315678afecb367f032d93f642f64180aa3

[32meth_call[0m
  Contract call:       RastreabilidadeFarmaceuticaV2#listarTransferencias
  From:                0xf39fd6e51aad88f6f4ce6ab8827279cfffb92266
  To:                  0x5fbdb2315678afecb367f032d93f642f64180aa3

[32meth_chainId[0m
[32meth_call[0m
  Contract call:       RastreabilidadeFarmaceuticaV2#consultarOrganizacaoPorId
  From:                0xf39fd6e51aad88f6f4ce6ab8827279cfffb92266
  To:                  0x5fbdb2315678afecb367f032d93f642f64180aa3

[32meth_call[0m
  Contract call:       RastreabilidadeFarmaceuticaV2#consultarOrganizacaoPorId
  From:                0xf39fd6e51aad88f6f4ce6ab8827279cfffb92266
  To:                  0x5fbdb2315678afecb367f032d93f642f64180aa3

[32meth_call[0m
  Contract call:       RastreabilidadeFarmaceuticaV2#consultarOrganizacaoPorId
  From:                0xf39fd6e51aad88f6f4ce6ab8827279cfffb92266
  To:                  0x5fbdb2315678afecb367f032d93f642f64180aa3

[32meth_call[0m
  Contract call:       RastreabilidadeFarmaceuticaV2#consultarOrganizacaoPorId
  From:                0xf39fd6e51aad88f6f4ce6ab8827279cfffb92266
  To:                  0x5fbdb2315678afecb367f032d93f642f64180aa3

[32meth_call[0m
  Contract call:       RastreabilidadeFarmaceuticaV2#consultarOrganizacaoPorId
  From:                0xf39fd6e51aad88f6f4ce6ab8827279cfffb92266
  To:                  0x5fbdb2315678afecb367f032d93f642f64180aa3

[32meth_call[0m
  Contract call:       RastreabilidadeFarmaceuticaV2#consultarOrganizacaoPorId
  From:                0xf39fd6e51aad88f6f4ce6ab8827279cfffb92266
  To:                  0x5fbdb2315678afecb367f032d93f642f64180aa3

[32meth_call[0m
  Contract call:       RastreabilidadeFarmaceuticaV2#consultarOperadorPorId
  From:                0xf39fd6e51aad88f6f4ce6ab8827279cfffb92266
  To:                  0x5fbdb2315678afecb367f032d93f642f64180aa3

[32meth_call[0m
  Contract call:       RastreabilidadeFarmaceuticaV2#consultarOrganizacaoPorId
  From:                0xf39fd6e51aad88f6f4ce6ab8827279cfffb92266
  To:                  0x5fbdb2315678afecb367f032d93f642f64180aa3

[32meth_call[0m
  Contract call:       RastreabilidadeFarmaceuticaV2#consultarOperadorPorId
  From:                0xf39fd6e51aad88f6f4ce6ab8827279cfffb92266
  To:                  0x5fbdb2315678afecb367f032d93f642f64180aa3

[32meth_call[0m
  Contract call:       RastreabilidadeFarmaceuticaV2#consultarOperadorPorId
  From:                0xf39fd6e51aad88f6f4ce6ab8827279cfffb92266
  To:                  0x5fbdb2315678afecb367f032d93f642f64180aa3

[32meth_call[0m
  Contract call:       RastreabilidadeFarmaceuticaV2#consultarOperadorPorId
  From:                0xf39fd6e51aad88f6f4ce6ab8827279cfffb92266
  To:                  0x5fbdb2315678afecb367f032d93f642f64180aa3

[32meth_call[0m
  Contract call:       RastreabilidadeFarmaceuticaV2#consultarOperadorPorId
  From:                0xf39fd6e51aad88f6f4ce6ab8827279cfffb92266
  To:                  0x5fbdb2315678afecb367f032d93f642f64180aa3

[32meth_call[0m
  Contract call:       RastreabilidadeFarmaceuticaV2#consultarOperadorPorId
  From:                0xf39fd6e51aad88f6f4ce6ab8827279cfffb92266
  To:                  0x5fbdb2315678afecb367f032d93f642f64180aa3

[32meth_call[0m
  Contract call:       RastreabilidadeFarmaceuticaV2#consultarLotePorId
  From:                0xf39fd6e51aad88f6f4ce6ab8827279cfffb92266
  To:                  0x5fbdb2315678afecb367f032d93f642f64180aa3

[32meth_call[0m
  Contract call:       RastreabilidadeFarmaceuticaV2#consultarLotePorId
  From:                0xf39fd6e51aad88f6f4ce6ab8827279cfffb92266
  To:                  0x5fbdb2315678afecb367f032d93f642f64180aa3

[32meth_call[0m
  Contract call:       RastreabilidadeFarmaceuticaV2#consultarOrganizacaoPorId
  From:                0xf39fd6e51aad88f6f4ce6ab8827279cfffb92266
  To:                  0x5fbdb2315678afecb367f032d93f642f64180aa3

[32meth_call[0m
  Contract call:       RastreabilidadeFarmaceuticaV2#consultarOperadorPorId
  From:                0xf39fd6e51aad88f6f4ce6ab8827279cfffb92266
  To:                  0x5fbdb2315678afecb367f032d93f642f64180aa3

[32meth_call[0m
  Contract call:       RastreabilidadeFarmaceuticaV2#consultarOperadorPorId
  From:                0xf39fd6e51aad88f6f4ce6ab8827279cfffb92266
  To:                  0x5fbdb2315678afecb367f032d93f642f64180aa3

[32meth_chainId[0m
[32meth_call[0m
  Contract call:       RastreabilidadeFarmaceuticaV2#consultarSaldoLote
  From:                0xf39fd6e51aad88f6f4ce6ab8827279cfffb92266
  To:                  0x5fbdb2315678afecb367f032d93f642f64180aa3

[32meth_call[0m
  Contract call:       RastreabilidadeFarmaceuticaV2#consultarSaldoLote
  From:                0xf39fd6e51aad88f6f4ce6ab8827279cfffb92266
  To:                  0x5fbdb2315678afecb367f032d93f642f64180aa3

[32meth_blockNumber[0m
[32meth_getBalance[0m
[32meth_chainId[0m
[32meth_chainId (2)[0m
[32meth_getCode[0m
[32meth_chainId[0m
[32meth_call[0m
  Contract call:       RastreabilidadeFarmaceuticaV2#totalTransferencias
  From:                0xf39fd6e51aad88f6f4ce6ab8827279cfffb92266
  To:                  0x5fbdb2315678afecb367f032d93f642f64180aa3

[32meth_call[0m
  Contract call:       RastreabilidadeFarmaceuticaV2#totalOperadores
  From:                0xf39fd6e51aad88f6f4ce6ab8827279cfffb92266
  To:                  0x5fbdb2315678afecb367f032d93f642f64180aa3

[32meth_call[0m
  Contract call:       RastreabilidadeFarmaceuticaV2#totalOrganizacoes
  From:                0xf39fd6e51aad88f6f4ce6ab8827279cfffb92266
  To:                  0x5fbdb2315678afecb367f032d93f642f64180aa3

[32meth_call[0m
  Contract call:       RastreabilidadeFarmaceuticaV2#totalRegistrosAuditoria
  From:                0xf39fd6e51aad88f6f4ce6ab8827279cfffb92266
  To:                  0x5fbdb2315678afecb367f032d93f642f64180aa3

[32meth_call[0m
  Contract call:       RastreabilidadeFarmaceuticaV2#sistemaPausado
  From:                0xf39fd6e51aad88f6f4ce6ab8827279cfffb92266
  To:                  0x5fbdb2315678afecb367f032d93f642f64180aa3

[32meth_call[0m
  Contract call:       RastreabilidadeFarmaceuticaV2#organizacaoReguladoraInicialId
  From:                0xf39fd6e51aad88f6f4ce6ab8827279cfffb92266
  To:                  0x5fbdb2315678afecb367f032d93f642f64180aa3

[32meth_call[0m
  Contract call:       RastreabilidadeFarmaceuticaV2#totalLotes
  From:                0xf39fd6e51aad88f6f4ce6ab8827279cfffb92266
  To:                  0x5fbdb2315678afecb367f032d93f642f64180aa3

[32meth_call[0m
  Contract call:       RastreabilidadeFarmaceuticaV2#operadorReguladorInicialId
  From:                0xf39fd6e51aad88f6f4ce6ab8827279cfffb92266
  To:                  0x5fbdb2315678afecb367f032d93f642f64180aa3

[32meth_call[0m
  Contract call:       RastreabilidadeFarmaceuticaV2#consultarOperadorPorCarteira
  From:                0xf39fd6e51aad88f6f4ce6ab8827279cfffb92266
  To:                  0x5fbdb2315678afecb367f032d93f642f64180aa3

[32meth_chainId[0m
[32meth_call[0m
  Contract call:       RastreabilidadeFarmaceuticaV2#consultarOrganizacaoPorId
  From:                0xf39fd6e51aad88f6f4ce6ab8827279cfffb92266
  To:                  0x5fbdb2315678afecb367f032d93f642f64180aa3

[32meth_chainId[0m
[32meth_call[0m
  Contract call:       RastreabilidadeFarmaceuticaV2#totalOrganizacoes
  From:                0xf39fd6e51aad88f6f4ce6ab8827279cfffb92266
  To:                  0x5fbdb2315678afecb367f032d93f642f64180aa3

[32meth_call[0m
  Contract call:       RastreabilidadeFarmaceuticaV2#totalOperadores
  From:                0xf39fd6e51aad88f6f4ce6ab8827279cfffb92266
  To:                  0x5fbdb2315678afecb367f032d93f642f64180aa3

[32meth_call[0m
  Contract call:       RastreabilidadeFarmaceuticaV2#totalLotes
  From:                0xf39fd6e51aad88f6f4ce6ab8827279cfffb92266
  To:                  0x5fbdb2315678afecb367f032d93f642f64180aa3

[32meth_call[0m
  Contract call:       RastreabilidadeFarmaceuticaV2#sistemaPausado
  From:                0xf39fd6e51aad88f6f4ce6ab8827279cfffb92266
  To:                  0x5fbdb2315678afecb367f032d93f642f64180aa3

[32meth_call[0m
  Contract call:       RastreabilidadeFarmaceuticaV2#organizacaoReguladoraInicialId
  From:                0xf39fd6e51aad88f6f4ce6ab8827279cfffb92266
  To:                  0x5fbdb2315678afecb367f032d93f642f64180aa3

[32meth_call[0m
  Contract call:       RastreabilidadeFarmaceuticaV2#totalTransferencias
  From:                0xf39fd6e51aad88f6f4ce6ab8827279cfffb92266
  To:                  0x5fbdb2315678afecb367f032d93f642f64180aa3

[32meth_call[0m
  Contract call:       RastreabilidadeFarmaceuticaV2#operadorReguladorInicialId
  From:                0xf39fd6e51aad88f6f4ce6ab8827279cfffb92266
  To:                  0x5fbdb2315678afecb367f032d93f642f64180aa3

[32meth_call[0m
  Contract call:       RastreabilidadeFarmaceuticaV2#consultarOperadorPorCarteira
  From:                0xf39fd6e51aad88f6f4ce6ab8827279cfffb92266
  To:                  0x5fbdb2315678afecb367f032d93f642f64180aa3

[32meth_call[0m
  Contract call:       RastreabilidadeFarmaceuticaV2#totalRegistrosAuditoria
  From:                0xf39fd6e51aad88f6f4ce6ab8827279cfffb92266
  To:                  0x5fbdb2315678afecb367f032d93f642f64180aa3

[32meth_chainId[0m
[32meth_call[0m
  Contract call:       RastreabilidadeFarmaceuticaV2#consultarOrganizacaoPorId
  From:                0xf39fd6e51aad88f6f4ce6ab8827279cfffb92266
  To:                  0x5fbdb2315678afecb367f032d93f642f64180aa3

[32meth_chainId[0m
[32meth_call[0m
  Contract call:       RastreabilidadeFarmaceuticaV2#listarOrganizacoes
  From:                0xf39fd6e51aad88f6f4ce6ab8827279cfffb92266
  To:                  0x5fbdb2315678afecb367f032d93f642f64180aa3

[32meth_call[0m
  Contract call:       RastreabilidadeFarmaceuticaV2#listarOperadores
  From:                0xf39fd6e51aad88f6f4ce6ab8827279cfffb92266
  To:                  0x5fbdb2315678afecb367f032d93f642f64180aa3

[32meth_call[0m
  Contract call:       RastreabilidadeFarmaceuticaV2#listarLotes
  From:                0xf39fd6e51aad88f6f4ce6ab8827279cfffb92266
  To:                  0x5fbdb2315678afecb367f032d93f642f64180aa3

[32meth_call[0m
  Contract call:       RastreabilidadeFarmaceuticaV2#listarTransferencias
  From:                0xf39fd6e51aad88f6f4ce6ab8827279cfffb92266
  To:                  0x5fbdb2315678afecb367f032d93f642f64180aa3

[32meth_chainId[0m
[32meth_call[0m
  Contract call:       RastreabilidadeFarmaceuticaV2#consultarOrganizacaoPorId
  From:                0xf39fd6e51aad88f6f4ce6ab8827279cfffb92266
  To:                  0x5fbdb2315678afecb367f032d93f642f64180aa3

[32meth_call[0m
  Contract call:       RastreabilidadeFarmaceuticaV2#consultarOrganizacaoPorId
  From:                0xf39fd6e51aad88f6f4ce6ab8827279cfffb92266
  To:                  0x5fbdb2315678afecb367f032d93f642f64180aa3

[32meth_call[0m
  Contract call:       RastreabilidadeFarmaceuticaV2#consultarOrganizacaoPorId
  From:                0xf39fd6e51aad88f6f4ce6ab8827279cfffb92266
  To:                  0x5fbdb2315678afecb367f032d93f642f64180aa3

[32meth_call[0m
  Contract call:       RastreabilidadeFarmaceuticaV2#consultarOrganizacaoPorId
  From:                0xf39fd6e51aad88f6f4ce6ab8827279cfffb92266
  To:                  0x5fbdb2315678afecb367f032d93f642f64180aa3

[32meth_call[0m
  Contract call:       RastreabilidadeFarmaceuticaV2#consultarOrganizacaoPorId
  From:                0xf39fd6e51aad88f6f4ce6ab8827279cfffb92266
  To:                  0x5fbdb2315678afecb367f032d93f642f64180aa3

[32meth_call[0m
  Contract call:       RastreabilidadeFarmaceuticaV2#consultarOrganizacaoPorId
  From:                0xf39fd6e51aad88f6f4ce6ab8827279cfffb92266
  To:                  0x5fbdb2315678afecb367f032d93f642f64180aa3

[32meth_call[0m
  Contract call:       RastreabilidadeFarmaceuticaV2#consultarOrganizacaoPorId
  From:                0xf39fd6e51aad88f6f4ce6ab8827279cfffb92266
  To:                  0x5fbdb2315678afecb367f032d93f642f64180aa3

[32meth_call[0m
  Contract call:       RastreabilidadeFarmaceuticaV2#consultarOperadorPorId
  From:                0xf39fd6e51aad88f6f4ce6ab8827279cfffb92266
  To:                  0x5fbdb2315678afecb367f032d93f642f64180aa3

[32meth_call[0m
  Contract call:       RastreabilidadeFarmaceuticaV2#consultarOperadorPorId
  From:                0xf39fd6e51aad88f6f4ce6ab8827279cfffb92266
  To:                  0x5fbdb2315678afecb367f032d93f642f64180aa3

[32meth_call[0m
  Contract call:       RastreabilidadeFarmaceuticaV2#consultarOperadorPorId
  From:                0xf39fd6e51aad88f6f4ce6ab8827279cfffb92266
  To:                  0x5fbdb2315678afecb367f032d93f642f64180aa3

[32meth_call[0m
  Contract call:       RastreabilidadeFarmaceuticaV2#consultarOperadorPorId
  From:                0xf39fd6e51aad88f6f4ce6ab8827279cfffb92266
  To:                  0x5fbdb2315678afecb367f032d93f642f64180aa3

[32meth_call[0m
  Contract call:       RastreabilidadeFarmaceuticaV2#consultarOperadorPorId
  From:                0xf39fd6e51aad88f6f4ce6ab8827279cfffb92266
  To:                  0x5fbdb2315678afecb367f032d93f642f64180aa3

[32meth_call[0m
  Contract call:       RastreabilidadeFarmaceuticaV2#consultarOperadorPorId
  From:                0xf39fd6e51aad88f6f4ce6ab8827279cfffb92266
  To:                  0x5fbdb2315678afecb367f032d93f642f64180aa3

[32meth_call[0m
  Contract call:       RastreabilidadeFarmaceuticaV2#consultarOperadorPorId
  From:                0xf39fd6e51aad88f6f4ce6ab8827279cfffb92266
  To:                  0x5fbdb2315678afecb367f032d93f642f64180aa3

[32meth_call[0m
  Contract call:       RastreabilidadeFarmaceuticaV2#consultarLotePorId
  From:                0xf39fd6e51aad88f6f4ce6ab8827279cfffb92266
  To:                  0x5fbdb2315678afecb367f032d93f642f64180aa3

[32meth_call[0m
  Contract call:       RastreabilidadeFarmaceuticaV2#consultarLotePorId
  From:                0xf39fd6e51aad88f6f4ce6ab8827279cfffb92266
  To:                  0x5fbdb2315678afecb367f032d93f642f64180aa3

[32meth_call[0m
  Contract call:       RastreabilidadeFarmaceuticaV2#consultarOperadorPorId
  From:                0xf39fd6e51aad88f6f4ce6ab8827279cfffb92266
  To:                  0x5fbdb2315678afecb367f032d93f642f64180aa3

[32meth_call[0m
  Contract call:       RastreabilidadeFarmaceuticaV2#consultarOrganizacaoPorId
  From:                0xf39fd6e51aad88f6f4ce6ab8827279cfffb92266
  To:                  0x5fbdb2315678afecb367f032d93f642f64180aa3

[32meth_chainId[0m
[32meth_call[0m
  Contract call:       RastreabilidadeFarmaceuticaV2#consultarSaldoLote
  From:                0xf39fd6e51aad88f6f4ce6ab8827279cfffb92266
  To:                  0x5fbdb2315678afecb367f032d93f642f64180aa3

[32meth_call[0m
  Contract call:       RastreabilidadeFarmaceuticaV2#consultarSaldoLote
  From:                0xf39fd6e51aad88f6f4ce6ab8827279cfffb92266
  To:                  0x5fbdb2315678afecb367f032d93f642f64180aa3

[32meth_blockNumber[0m
[32meth_blockNumber (2)[0m
[32meth_blockNumber (3)[0m
[32meth_blockNumber (4)[0m
[32meth_blockNumber (5)[0m
[32meth_chainId[0m
[32meth_call[0m
  Contract call:       RastreabilidadeFarmaceuticaV2#totalOrganizacoes
  From:                0xf39fd6e51aad88f6f4ce6ab8827279cfffb92266
  To:                  0x5fbdb2315678afecb367f032d93f642f64180aa3

[32meth_call[0m
  Contract call:       RastreabilidadeFarmaceuticaV2#totalLotes
  From:                0xf39fd6e51aad88f6f4ce6ab8827279cfffb92266
  To:                  0x5fbdb2315678afecb367f032d93f642f64180aa3

[32meth_call[0m
  Contract call:       RastreabilidadeFarmaceuticaV2#totalTransferencias
  From:                0xf39fd6e51aad88f6f4ce6ab8827279cfffb92266
  To:                  0x5fbdb2315678afecb367f032d93f642f64180aa3

[32meth_call[0m
  Contract call:       RastreabilidadeFarmaceuticaV2#totalRegistrosAuditoria
  From:                0xf39fd6e51aad88f6f4ce6ab8827279cfffb92266
  To:                  0x5fbdb2315678afecb367f032d93f642f64180aa3

[32meth_call[0m
  Contract call:       RastreabilidadeFarmaceuticaV2#sistemaPausado
  From:                0xf39fd6e51aad88f6f4ce6ab8827279cfffb92266
  To:                  0x5fbdb2315678afecb367f032d93f642f64180aa3

[32meth_call[0m
  Contract call:       RastreabilidadeFarmaceuticaV2#organizacaoReguladoraInicialId
  From:                0xf39fd6e51aad88f6f4ce6ab8827279cfffb92266
  To:                  0x5fbdb2315678afecb367f032d93f642f64180aa3

[32meth_call[0m
  Contract call:       RastreabilidadeFarmaceuticaV2#operadorReguladorInicialId
  From:                0xf39fd6e51aad88f6f4ce6ab8827279cfffb92266
  To:                  0x5fbdb2315678afecb367f032d93f642f64180aa3

[32meth_call[0m
  Contract call:       RastreabilidadeFarmaceuticaV2#consultarOperadorPorCarteira
  From:                0xf39fd6e51aad88f6f4ce6ab8827279cfffb92266
  To:                  0x5fbdb2315678afecb367f032d93f642f64180aa3

[32meth_call[0m
  Contract call:       RastreabilidadeFarmaceuticaV2#totalOperadores
  From:                0xf39fd6e51aad88f6f4ce6ab8827279cfffb92266
  To:                  0x5fbdb2315678afecb367f032d93f642f64180aa3

[32meth_chainId[0m
[32meth_call[0m
  Contract call:       RastreabilidadeFarmaceuticaV2#consultarOrganizacaoPorId
  From:                0xf39fd6e51aad88f6f4ce6ab8827279cfffb92266
  To:                  0x5fbdb2315678afecb367f032d93f642f64180aa3

[32meth_chainId[0m
[32meth_call[0m
  Contract call:       RastreabilidadeFarmaceuticaV2#listarOperadores
  From:                0xf39fd6e51aad88f6f4ce6ab8827279cfffb92266
  To:                  0x5fbdb2315678afecb367f032d93f642f64180aa3

[32meth_call[0m
  Contract call:       RastreabilidadeFarmaceuticaV2#listarLotes
  From:                0xf39fd6e51aad88f6f4ce6ab8827279cfffb92266
  To:                  0x5fbdb2315678afecb367f032d93f642f64180aa3

[32meth_call[0m
  Contract call:       RastreabilidadeFarmaceuticaV2#listarTransferencias
  From:                0xf39fd6e51aad88f6f4ce6ab8827279cfffb92266
  To:                  0x5fbdb2315678afecb367f032d93f642f64180aa3

[32meth_call[0m
  Contract call:       RastreabilidadeFarmaceuticaV2#listarOrganizacoes
  From:                0xf39fd6e51aad88f6f4ce6ab8827279cfffb92266
  To:                  0x5fbdb2315678afecb367f032d93f642f64180aa3

[32meth_chainId[0m
[32meth_call[0m
  Contract call:       RastreabilidadeFarmaceuticaV2#consultarOrganizacaoPorId
  From:                0xf39fd6e51aad88f6f4ce6ab8827279cfffb92266
  To:                  0x5fbdb2315678afecb367f032d93f642f64180aa3

[32meth_call[0m
  Contract call:       RastreabilidadeFarmaceuticaV2#consultarOrganizacaoPorId
  From:                0xf39fd6e51aad88f6f4ce6ab8827279cfffb92266
  To:                  0x5fbdb2315678afecb367f032d93f642f64180aa3

[32meth_call[0m
  Contract call:       RastreabilidadeFarmaceuticaV2#consultarOrganizacaoPorId
  From:                0xf39fd6e51aad88f6f4ce6ab8827279cfffb92266
  To:                  0x5fbdb2315678afecb367f032d93f642f64180aa3

[32meth_call[0m
  Contract call:       RastreabilidadeFarmaceuticaV2#consultarOrganizacaoPorId
  From:                0xf39fd6e51aad88f6f4ce6ab8827279cfffb92266
  To:                  0x5fbdb2315678afecb367f032d93f642f64180aa3

[32meth_call[0m
  Contract call:       RastreabilidadeFarmaceuticaV2#consultarOrganizacaoPorId
  From:                0xf39fd6e51aad88f6f4ce6ab8827279cfffb92266
  To:                  0x5fbdb2315678afecb367f032d93f642f64180aa3

[32meth_call[0m
  Contract call:       RastreabilidadeFarmaceuticaV2#consultarOrganizacaoPorId
  From:                0xf39fd6e51aad88f6f4ce6ab8827279cfffb92266
  To:                  0x5fbdb2315678afecb367f032d93f642f64180aa3

[32meth_call[0m
  Contract call:       RastreabilidadeFarmaceuticaV2#consultarOrganizacaoPorId
  From:                0xf39fd6e51aad88f6f4ce6ab8827279cfffb92266
  To:                  0x5fbdb2315678afecb367f032d93f642f64180aa3

[32meth_call[0m
  Contract call:       RastreabilidadeFarmaceuticaV2#consultarOperadorPorId
  From:                0xf39fd6e51aad88f6f4ce6ab8827279cfffb92266
  To:                  0x5fbdb2315678afecb367f032d93f642f64180aa3

[32meth_call[0m
  Contract call:       RastreabilidadeFarmaceuticaV2#consultarOrganizacaoPorId
  From:                0xf39fd6e51aad88f6f4ce6ab8827279cfffb92266
  To:                  0x5fbdb2315678afecb367f032d93f642f64180aa3

[32meth_call[0m
  Contract call:       RastreabilidadeFarmaceuticaV2#consultarOperadorPorId
  From:                0xf39fd6e51aad88f6f4ce6ab8827279cfffb92266
  To:                  0x5fbdb2315678afecb367f032d93f642f64180aa3

[32meth_call[0m
  Contract call:       RastreabilidadeFarmaceuticaV2#consultarOperadorPorId
  From:                0xf39fd6e51aad88f6f4ce6ab8827279cfffb92266
  To:                  0x5fbdb2315678afecb367f032d93f642f64180aa3

[32meth_call[0m
  Contract call:       RastreabilidadeFarmaceuticaV2#consultarOperadorPorId
  From:                0xf39fd6e51aad88f6f4ce6ab8827279cfffb92266
  To:                  0x5fbdb2315678afecb367f032d93f642f64180aa3

[32meth_call[0m
  Contract call:       RastreabilidadeFarmaceuticaV2#consultarOperadorPorId
  From:                0xf39fd6e51aad88f6f4ce6ab8827279cfffb92266
  To:                  0x5fbdb2315678afecb367f032d93f642f64180aa3

[32meth_call[0m
  Contract call:       RastreabilidadeFarmaceuticaV2#consultarOperadorPorId
  From:                0xf39fd6e51aad88f6f4ce6ab8827279cfffb92266
  To:                  0x5fbdb2315678afecb367f032d93f642f64180aa3

[32meth_call[0m
  Contract call:       RastreabilidadeFarmaceuticaV2#consultarOperadorPorId
  From:                0xf39fd6e51aad88f6f4ce6ab8827279cfffb92266
  To:                  0x5fbdb2315678afecb367f032d93f642f64180aa3

[32meth_call[0m
  Contract call:       RastreabilidadeFarmaceuticaV2#consultarOperadorPorId
  From:                0xf39fd6e51aad88f6f4ce6ab8827279cfffb92266
  To:                  0x5fbdb2315678afecb367f032d93f642f64180aa3

[32meth_call[0m
  Contract call:       RastreabilidadeFarmaceuticaV2#consultarLotePorId
  From:                0xf39fd6e51aad88f6f4ce6ab8827279cfffb92266
  To:                  0x5fbdb2315678afecb367f032d93f642f64180aa3

[32meth_call[0m
  Contract call:       RastreabilidadeFarmaceuticaV2#consultarLotePorId
  From:                0xf39fd6e51aad88f6f4ce6ab8827279cfffb92266
  To:                  0x5fbdb2315678afecb367f032d93f642f64180aa3

[32meth_chainId[0m
[32meth_call[0m
  Contract call:       RastreabilidadeFarmaceuticaV2#consultarSaldoLote
  From:                0xf39fd6e51aad88f6f4ce6ab8827279cfffb92266
  To:                  0x5fbdb2315678afecb367f032d93f642f64180aa3

[32meth_call[0m
  Contract call:       RastreabilidadeFarmaceuticaV2#consultarSaldoLote
  From:                0xf39fd6e51aad88f6f4ce6ab8827279cfffb92266
  To:                  0x5fbdb2315678afecb367f032d93f642f64180aa3

[32meth_blockNumber[0m
[32meth_blockNumber (2)[0m
[32meth_chainId[0m
[32meth_call[0m
  Contract call:       RastreabilidadeFarmaceuticaV2#totalOrganizacoes
  From:                0xf39fd6e51aad88f6f4ce6ab8827279cfffb92266
  To:                  0x5fbdb2315678afecb367f032d93f642f64180aa3

[32meth_call[0m
  Contract call:       RastreabilidadeFarmaceuticaV2#totalOperadores
  From:                0xf39fd6e51aad88f6f4ce6ab8827279cfffb92266
  To:                  0x5fbdb2315678afecb367f032d93f642f64180aa3

[32meth_call[0m
  Contract call:       RastreabilidadeFarmaceuticaV2#totalLotes
  From:                0xf39fd6e51aad88f6f4ce6ab8827279cfffb92266
  To:                  0x5fbdb2315678afecb367f032d93f642f64180aa3

[32meth_call[0m
  Contract call:       RastreabilidadeFarmaceuticaV2#totalRegistrosAuditoria
  From:                0xf39fd6e51aad88f6f4ce6ab8827279cfffb92266
  To:                  0x5fbdb2315678afecb367f032d93f642f64180aa3

[32meth_call[0m
  Contract call:       RastreabilidadeFarmaceuticaV2#sistemaPausado
  From:                0xf39fd6e51aad88f6f4ce6ab8827279cfffb92266
  To:                  0x5fbdb2315678afecb367f032d93f642f64180aa3

[32meth_call[0m
  Contract call:       RastreabilidadeFarmaceuticaV2#consultarOperadorPorCarteira
  From:                0xf39fd6e51aad88f6f4ce6ab8827279cfffb92266
  To:                  0x5fbdb2315678afecb367f032d93f642f64180aa3

[32meth_call[0m
  Contract call:       RastreabilidadeFarmaceuticaV2#organizacaoReguladoraInicialId
  From:                0xf39fd6e51aad88f6f4ce6ab8827279cfffb92266
  To:                  0x5fbdb2315678afecb367f032d93f642f64180aa3

[32meth_call[0m
  Contract call:       RastreabilidadeFarmaceuticaV2#operadorReguladorInicialId
  From:                0xf39fd6e51aad88f6f4ce6ab8827279cfffb92266
  To:                  0x5fbdb2315678afecb367f032d93f642f64180aa3

[32meth_call[0m
  Contract call:       RastreabilidadeFarmaceuticaV2#totalTransferencias
  From:                0xf39fd6e51aad88f6f4ce6ab8827279cfffb92266
  To:                  0x5fbdb2315678afecb367f032d93f642f64180aa3

[32meth_chainId[0m
[32meth_call[0m
  Contract call:       RastreabilidadeFarmaceuticaV2#consultarOrganizacaoPorId
  From:                0xf39fd6e51aad88f6f4ce6ab8827279cfffb92266
  To:                  0x5fbdb2315678afecb367f032d93f642f64180aa3

[32meth_chainId[0m
[32meth_call[0m
  Contract call:       RastreabilidadeFarmaceuticaV2#listarOrganizacoes
  From:                0xf39fd6e51aad88f6f4ce6ab8827279cfffb92266
  To:                  0x5fbdb2315678afecb367f032d93f642f64180aa3

[32meth_call[0m
  Contract call:       RastreabilidadeFarmaceuticaV2#listarOperadores
  From:                0xf39fd6e51aad88f6f4ce6ab8827279cfffb92266
  To:                  0x5fbdb2315678afecb367f032d93f642f64180aa3

[32meth_call[0m
  Contract call:       RastreabilidadeFarmaceuticaV2#listarLotes
  From:                0xf39fd6e51aad88f6f4ce6ab8827279cfffb92266
  To:                  0x5fbdb2315678afecb367f032d93f642f64180aa3

[32meth_call[0m
  Contract call:       RastreabilidadeFarmaceuticaV2#listarTransferencias
  From:                0xf39fd6e51aad88f6f4ce6ab8827279cfffb92266
  To:                  0x5fbdb2315678afecb367f032d93f642f64180aa3

[32meth_chainId[0m
[32meth_call[0m
  Contract call:       RastreabilidadeFarmaceuticaV2#consultarOrganizacaoPorId
  From:                0xf39fd6e51aad88f6f4ce6ab8827279cfffb92266
  To:                  0x5fbdb2315678afecb367f032d93f642f64180aa3

[32meth_call[0m
  Contract call:       RastreabilidadeFarmaceuticaV2#consultarOrganizacaoPorId
  From:                0xf39fd6e51aad88f6f4ce6ab8827279cfffb92266
  To:                  0x5fbdb2315678afecb367f032d93f642f64180aa3

[32meth_call[0m
  Contract call:       RastreabilidadeFarmaceuticaV2#consultarOrganizacaoPorId
  From:                0xf39fd6e51aad88f6f4ce6ab8827279cfffb92266
  To:                  0x5fbdb2315678afecb367f032d93f642f64180aa3

[32meth_call[0m
  Contract call:       RastreabilidadeFarmaceuticaV2#consultarOrganizacaoPorId
  From:                0xf39fd6e51aad88f6f4ce6ab8827279cfffb92266
  To:                  0x5fbdb2315678afecb367f032d93f642f64180aa3

[32meth_call[0m
  Contract call:       RastreabilidadeFarmaceuticaV2#consultarOrganizacaoPorId
  From:                0xf39fd6e51aad88f6f4ce6ab8827279cfffb92266
  To:                  0x5fbdb2315678afecb367f032d93f642f64180aa3

[32meth_call[0m
  Contract call:       RastreabilidadeFarmaceuticaV2#consultarOrganizacaoPorId
  From:                0xf39fd6e51aad88f6f4ce6ab8827279cfffb92266
  To:                  0x5fbdb2315678afecb367f032d93f642f64180aa3

[32meth_call[0m
  Contract call:       RastreabilidadeFarmaceuticaV2#consultarOrganizacaoPorId
  From:                0xf39fd6e51aad88f6f4ce6ab8827279cfffb92266
  To:                  0x5fbdb2315678afecb367f032d93f642f64180aa3

[32meth_call[0m
  Contract call:       RastreabilidadeFarmaceuticaV2#consultarOrganizacaoPorId
  From:                0xf39fd6e51aad88f6f4ce6ab8827279cfffb92266
  To:                  0x5fbdb2315678afecb367f032d93f642f64180aa3

[32meth_call[0m
  Contract call:       RastreabilidadeFarmaceuticaV2#consultarOperadorPorId
  From:                0xf39fd6e51aad88f6f4ce6ab8827279cfffb92266
  To:                  0x5fbdb2315678afecb367f032d93f642f64180aa3

[32meth_call[0m
  Contract call:       RastreabilidadeFarmaceuticaV2#consultarOperadorPorId
  From:                0xf39fd6e51aad88f6f4ce6ab8827279cfffb92266
  To:                  0x5fbdb2315678afecb367f032d93f642f64180aa3

[32meth_call[0m
  Contract call:       RastreabilidadeFarmaceuticaV2#consultarOperadorPorId
  From:                0xf39fd6e51aad88f6f4ce6ab8827279cfffb92266
  To:                  0x5fbdb2315678afecb367f032d93f642f64180aa3

[32meth_call[0m
  Contract call:       RastreabilidadeFarmaceuticaV2#consultarOperadorPorId
  From:                0xf39fd6e51aad88f6f4ce6ab8827279cfffb92266
  To:                  0x5fbdb2315678afecb367f032d93f642f64180aa3

[32meth_call[0m
  Contract call:       RastreabilidadeFarmaceuticaV2#consultarOperadorPorId
  From:                0xf39fd6e51aad88f6f4ce6ab8827279cfffb92266
  To:                  0x5fbdb2315678afecb367f032d93f642f64180aa3

[32meth_call[0m
  Contract call:       RastreabilidadeFarmaceuticaV2#consultarOperadorPorId
  From:                0xf39fd6e51aad88f6f4ce6ab8827279cfffb92266
  To:                  0x5fbdb2315678afecb367f032d93f642f64180aa3

[32meth_call[0m
  Contract call:       RastreabilidadeFarmaceuticaV2#consultarOperadorPorId
  From:                0xf39fd6e51aad88f6f4ce6ab8827279cfffb92266
  To:                  0x5fbdb2315678afecb367f032d93f642f64180aa3

[32meth_call[0m
  Contract call:       RastreabilidadeFarmaceuticaV2#consultarLotePorId
  From:                0xf39fd6e51aad88f6f4ce6ab8827279cfffb92266
  To:                  0x5fbdb2315678afecb367f032d93f642f64180aa3

[32meth_call[0m
  Contract call:       RastreabilidadeFarmaceuticaV2#consultarLotePorId
  From:                0xf39fd6e51aad88f6f4ce6ab8827279cfffb92266
  To:                  0x5fbdb2315678afecb367f032d93f642f64180aa3

[32meth_call[0m
  Contract call:       RastreabilidadeFarmaceuticaV2#consultarOperadorPorId
  From:                0xf39fd6e51aad88f6f4ce6ab8827279cfffb92266
  To:                  0x5fbdb2315678afecb367f032d93f642f64180aa3

[32meth_chainId[0m
[32meth_call[0m
  Contract call:       RastreabilidadeFarmaceuticaV2#consultarSaldoLote
  From:                0xf39fd6e51aad88f6f4ce6ab8827279cfffb92266
  To:                  0x5fbdb2315678afecb367f032d93f642f64180aa3

[32meth_call[0m
  Contract call:       RastreabilidadeFarmaceuticaV2#consultarSaldoLote
  From:                0xf39fd6e51aad88f6f4ce6ab8827279cfffb92266
  To:                  0x5fbdb2315678afecb367f032d93f642f64180aa3

[32meth_blockNumber[0m
[32meth_blockNumber (2)[0m
[32meth_blockNumber (3)[0m
[32meth_blockNumber (4)[0m
[32meth_chainId[0m
[32meth_call[0m
  Contract call:       RastreabilidadeFarmaceuticaV2#totalOrganizacoes
  From:                0xf39fd6e51aad88f6f4ce6ab8827279cfffb92266
  To:                  0x5fbdb2315678afecb367f032d93f642f64180aa3

[32meth_call[0m
  Contract call:       RastreabilidadeFarmaceuticaV2#totalOperadores
  From:                0xf39fd6e51aad88f6f4ce6ab8827279cfffb92266
  To:                  0x5fbdb2315678afecb367f032d93f642f64180aa3

[32meth_call[0m
  Contract call:       RastreabilidadeFarmaceuticaV2#totalLotes
  From:                0xf39fd6e51aad88f6f4ce6ab8827279cfffb92266
  To:                  0x5fbdb2315678afecb367f032d93f642f64180aa3

[32meth_call[0m
  Contract call:       RastreabilidadeFarmaceuticaV2#totalRegistrosAuditoria
  From:                0xf39fd6e51aad88f6f4ce6ab8827279cfffb92266
  To:                  0x5fbdb2315678afecb367f032d93f642f64180aa3

[32meth_call[0m
  Contract call:       RastreabilidadeFarmaceuticaV2#totalTransferencias
  From:                0xf39fd6e51aad88f6f4ce6ab8827279cfffb92266
  To:                  0x5fbdb2315678afecb367f032d93f642f64180aa3

[32meth_call[0m
  Contract call:       RastreabilidadeFarmaceuticaV2#sistemaPausado
  From:                0xf39fd6e51aad88f6f4ce6ab8827279cfffb92266
  To:                  0x5fbdb2315678afecb367f032d93f642f64180aa3

[32meth_call[0m
  Contract call:       RastreabilidadeFarmaceuticaV2#organizacaoReguladoraInicialId
  From:                0xf39fd6e51aad88f6f4ce6ab8827279cfffb92266
  To:                  0x5fbdb2315678afecb367f032d93f642f64180aa3

[32meth_call[0m
  Contract call:       RastreabilidadeFarmaceuticaV2#operadorReguladorInicialId
  From:                0xf39fd6e51aad88f6f4ce6ab8827279cfffb92266
  To:                  0x5fbdb2315678afecb367f032d93f642f64180aa3

[32meth_call[0m
  Contract call:       RastreabilidadeFarmaceuticaV2#consultarOperadorPorCarteira
  From:                0xf39fd6e51aad88f6f4ce6ab8827279cfffb92266
  To:                  0x5fbdb2315678afecb367f032d93f642f64180aa3

[32meth_chainId[0m
[32meth_call[0m
  Contract call:       RastreabilidadeFarmaceuticaV2#consultarOrganizacaoPorId
  From:                0xf39fd6e51aad88f6f4ce6ab8827279cfffb92266
  To:                  0x5fbdb2315678afecb367f032d93f642f64180aa3

[32meth_chainId[0m
[32meth_call[0m
  Contract call:       RastreabilidadeFarmaceuticaV2#listarTransferencias
  From:                0xf39fd6e51aad88f6f4ce6ab8827279cfffb92266
  To:                  0x5fbdb2315678afecb367f032d93f642f64180aa3

[32meth_call[0m
  Contract call:       RastreabilidadeFarmaceuticaV2#listarOrganizacoes
  From:                0xf39fd6e51aad88f6f4ce6ab8827279cfffb92266
  To:                  0x5fbdb2315678afecb367f032d93f642f64180aa3

[32meth_call[0m
  Contract call:       RastreabilidadeFarmaceuticaV2#listarLotes
  From:                0xf39fd6e51aad88f6f4ce6ab8827279cfffb92266
  To:                  0x5fbdb2315678afecb367f032d93f642f64180aa3

[32meth_call[0m
  Contract call:       RastreabilidadeFarmaceuticaV2#listarOperadores
  From:                0xf39fd6e51aad88f6f4ce6ab8827279cfffb92266
  To:                  0x5fbdb2315678afecb367f032d93f642f64180aa3

[32meth_chainId[0m
[32meth_call[0m
  Contract call:       RastreabilidadeFarmaceuticaV2#consultarOrganizacaoPorId
  From:                0xf39fd6e51aad88f6f4ce6ab8827279cfffb92266
  To:                  0x5fbdb2315678afecb367f032d93f642f64180aa3

[32meth_call[0m
  Contract call:       RastreabilidadeFarmaceuticaV2#consultarOrganizacaoPorId
  From:                0xf39fd6e51aad88f6f4ce6ab8827279cfffb92266
  To:                  0x5fbdb2315678afecb367f032d93f642f64180aa3

[32meth_call[0m
  Contract call:       RastreabilidadeFarmaceuticaV2#consultarOrganizacaoPorId
  From:                0xf39fd6e51aad88f6f4ce6ab8827279cfffb92266
  To:                  0x5fbdb2315678afecb367f032d93f642f64180aa3

[32meth_call[0m
  Contract call:       RastreabilidadeFarmaceuticaV2#consultarOrganizacaoPorId
  From:                0xf39fd6e51aad88f6f4ce6ab8827279cfffb92266
  To:                  0x5fbdb2315678afecb367f032d93f642f64180aa3

[32meth_call[0m
  Contract call:       RastreabilidadeFarmaceuticaV2#consultarOrganizacaoPorId
  From:                0xf39fd6e51aad88f6f4ce6ab8827279cfffb92266
  To:                  0x5fbdb2315678afecb367f032d93f642f64180aa3

[32meth_call[0m
  Contract call:       RastreabilidadeFarmaceuticaV2#consultarOrganizacaoPorId
  From:                0xf39fd6e51aad88f6f4ce6ab8827279cfffb92266
  To:                  0x5fbdb2315678afecb367f032d93f642f64180aa3

[32meth_call[0m
  Contract call:       RastreabilidadeFarmaceuticaV2#consultarOrganizacaoPorId
  From:                0xf39fd6e51aad88f6f4ce6ab8827279cfffb92266
  To:                  0x5fbdb2315678afecb367f032d93f642f64180aa3

[32meth_call[0m
  Contract call:       RastreabilidadeFarmaceuticaV2#consultarOperadorPorId
  From:                0xf39fd6e51aad88f6f4ce6ab8827279cfffb92266
  To:                  0x5fbdb2315678afecb367f032d93f642f64180aa3

[32meth_call[0m
  Contract call:       RastreabilidadeFarmaceuticaV2#consultarOperadorPorId
  From:                0xf39fd6e51aad88f6f4ce6ab8827279cfffb92266
  To:                  0x5fbdb2315678afecb367f032d93f642f64180aa3

[32meth_call[0m
  Contract call:       RastreabilidadeFarmaceuticaV2#consultarOrganizacaoPorId
  From:                0xf39fd6e51aad88f6f4ce6ab8827279cfffb92266
  To:                  0x5fbdb2315678afecb367f032d93f642f64180aa3

[32meth_call[0m
  Contract call:       RastreabilidadeFarmaceuticaV2#consultarOperadorPorId
  From:                0xf39fd6e51aad88f6f4ce6ab8827279cfffb92266
  To:                  0x5fbdb2315678afecb367f032d93f642f64180aa3

[32meth_call[0m
  Contract call:       RastreabilidadeFarmaceuticaV2#consultarOperadorPorId
  From:                0xf39fd6e51aad88f6f4ce6ab8827279cfffb92266
  To:                  0x5fbdb2315678afecb367f032d93f642f64180aa3

[32meth_call[0m
  Contract call:       RastreabilidadeFarmaceuticaV2#consultarLotePorId
  From:                0xf39fd6e51aad88f6f4ce6ab8827279cfffb92266
  To:                  0x5fbdb2315678afecb367f032d93f642f64180aa3

[32meth_call[0m
  Contract call:       RastreabilidadeFarmaceuticaV2#consultarOperadorPorId
  From:                0xf39fd6e51aad88f6f4ce6ab8827279cfffb92266
  To:                  0x5fbdb2315678afecb367f032d93f642f64180aa3

[32meth_call[0m
  Contract call:       RastreabilidadeFarmaceuticaV2#consultarOperadorPorId
  From:                0xf39fd6e51aad88f6f4ce6ab8827279cfffb92266
  To:                  0x5fbdb2315678afecb367f032d93f642f64180aa3

[32meth_call[0m
  Contract call:       RastreabilidadeFarmaceuticaV2#consultarOperadorPorId
  From:                0xf39fd6e51aad88f6f4ce6ab8827279cfffb92266
  To:                  0x5fbdb2315678afecb367f032d93f642f64180aa3

[32meth_call[0m
  Contract call:       RastreabilidadeFarmaceuticaV2#consultarLotePorId
  From:                0xf39fd6e51aad88f6f4ce6ab8827279cfffb92266
  To:                  0x5fbdb2315678afecb367f032d93f642f64180aa3

[32meth_call[0m
  Contract call:       RastreabilidadeFarmaceuticaV2#consultarOperadorPorId
  From:                0xf39fd6e51aad88f6f4ce6ab8827279cfffb92266
  To:                  0x5fbdb2315678afecb367f032d93f642f64180aa3

[32meth_chainId[0m
[32meth_call[0m
  Contract call:       RastreabilidadeFarmaceuticaV2#consultarSaldoLote
  From:                0xf39fd6e51aad88f6f4ce6ab8827279cfffb92266
  To:                  0x5fbdb2315678afecb367f032d93f642f64180aa3

[32meth_call[0m
  Contract call:       RastreabilidadeFarmaceuticaV2#consultarSaldoLote
  From:                0xf39fd6e51aad88f6f4ce6ab8827279cfffb92266
  To:                  0x5fbdb2315678afecb367f032d93f642f64180aa3

[32meth_blockNumber[0m
[32meth_blockNumber (2)[0m
[32meth_blockNumber (3)[0m
[32meth_chainId[0m
[32meth_call[0m
  Contract call:       RastreabilidadeFarmaceuticaV2#totalLotes
  From:                0xf39fd6e51aad88f6f4ce6ab8827279cfffb92266
  To:                  0x5fbdb2315678afecb367f032d93f642f64180aa3

[32meth_call[0m
  Contract call:       RastreabilidadeFarmaceuticaV2#totalOrganizacoes
  From:                0xf39fd6e51aad88f6f4ce6ab8827279cfffb92266
  To:                  0x5fbdb2315678afecb367f032d93f642f64180aa3

[32meth_call[0m
  Contract call:       RastreabilidadeFarmaceuticaV2#totalOperadores
  From:                0xf39fd6e51aad88f6f4ce6ab8827279cfffb92266
  To:                  0x5fbdb2315678afecb367f032d93f642f64180aa3

[32meth_call[0m
  Contract call:       RastreabilidadeFarmaceuticaV2#totalTransferencias
  From:                0xf39fd6e51aad88f6f4ce6ab8827279cfffb92266
  To:                  0x5fbdb2315678afecb367f032d93f642f64180aa3

[32meth_call[0m
  Contract call:       RastreabilidadeFarmaceuticaV2#totalRegistrosAuditoria
  From:                0xf39fd6e51aad88f6f4ce6ab8827279cfffb92266
  To:                  0x5fbdb2315678afecb367f032d93f642f64180aa3

[32meth_call[0m
  Contract call:       RastreabilidadeFarmaceuticaV2#sistemaPausado
  From:                0xf39fd6e51aad88f6f4ce6ab8827279cfffb92266
  To:                  0x5fbdb2315678afecb367f032d93f642f64180aa3

[32meth_call[0m
  Contract call:       RastreabilidadeFarmaceuticaV2#organizacaoReguladoraInicialId
  From:                0xf39fd6e51aad88f6f4ce6ab8827279cfffb92266
  To:                  0x5fbdb2315678afecb367f032d93f642f64180aa3

[32meth_call[0m
  Contract call:       RastreabilidadeFarmaceuticaV2#operadorReguladorInicialId
  From:                0xf39fd6e51aad88f6f4ce6ab8827279cfffb92266
  To:                  0x5fbdb2315678afecb367f032d93f642f64180aa3

[32meth_call[0m
  Contract call:       RastreabilidadeFarmaceuticaV2#consultarOperadorPorCarteira
  From:                0xf39fd6e51aad88f6f4ce6ab8827279cfffb92266
  To:                  0x5fbdb2315678afecb367f032d93f642f64180aa3

[32meth_chainId[0m
[32meth_call[0m
  Contract call:       RastreabilidadeFarmaceuticaV2#consultarOrganizacaoPorId
  From:                0xf39fd6e51aad88f6f4ce6ab8827279cfffb92266
  To:                  0x5fbdb2315678afecb367f032d93f642f64180aa3

[32meth_chainId[0m
[32meth_call[0m
  Contract call:       RastreabilidadeFarmaceuticaV2#listarOperadores
  From:                0xf39fd6e51aad88f6f4ce6ab8827279cfffb92266
  To:                  0x5fbdb2315678afecb367f032d93f642f64180aa3

[32meth_call[0m
  Contract call:       RastreabilidadeFarmaceuticaV2#listarLotes
  From:                0xf39fd6e51aad88f6f4ce6ab8827279cfffb92266
  To:                  0x5fbdb2315678afecb367f032d93f642f64180aa3

[32meth_call[0m
  Contract call:       RastreabilidadeFarmaceuticaV2#listarTransferencias
  From:                0xf39fd6e51aad88f6f4ce6ab8827279cfffb92266
  To:                  0x5fbdb2315678afecb367f032d93f642f64180aa3

[32meth_call[0m
  Contract call:       RastreabilidadeFarmaceuticaV2#listarOrganizacoes
  From:                0xf39fd6e51aad88f6f4ce6ab8827279cfffb92266
  To:                  0x5fbdb2315678afecb367f032d93f642f64180aa3

[32meth_chainId[0m
[32meth_call[0m
  Contract call:       RastreabilidadeFarmaceuticaV2#consultarOrganizacaoPorId
  From:                0xf39fd6e51aad88f6f4ce6ab8827279cfffb92266
  To:                  0x5fbdb2315678afecb367f032d93f642f64180aa3

[32meth_call[0m
  Contract call:       RastreabilidadeFarmaceuticaV2#consultarOrganizacaoPorId
  From:                0xf39fd6e51aad88f6f4ce6ab8827279cfffb92266
  To:                  0x5fbdb2315678afecb367f032d93f642f64180aa3

[32meth_call[0m
  Contract call:       RastreabilidadeFarmaceuticaV2#consultarOrganizacaoPorId
  From:                0xf39fd6e51aad88f6f4ce6ab8827279cfffb92266
  To:                  0x5fbdb2315678afecb367f032d93f642f64180aa3

[32meth_call[0m
  Contract call:       RastreabilidadeFarmaceuticaV2#consultarOrganizacaoPorId
  From:                0xf39fd6e51aad88f6f4ce6ab8827279cfffb92266
  To:                  0x5fbdb2315678afecb367f032d93f642f64180aa3

[32meth_call[0m
  Contract call:       RastreabilidadeFarmaceuticaV2#consultarOrganizacaoPorId
  From:                0xf39fd6e51aad88f6f4ce6ab8827279cfffb92266
  To:                  0x5fbdb2315678afecb367f032d93f642f64180aa3

[32meth_call[0m
  Contract call:       RastreabilidadeFarmaceuticaV2#consultarOrganizacaoPorId
  From:                0xf39fd6e51aad88f6f4ce6ab8827279cfffb92266
  To:                  0x5fbdb2315678afecb367f032d93f642f64180aa3

[32meth_call[0m
  Contract call:       RastreabilidadeFarmaceuticaV2#consultarOrganizacaoPorId
  From:                0xf39fd6e51aad88f6f4ce6ab8827279cfffb92266
  To:                  0x5fbdb2315678afecb367f032d93f642f64180aa3

[32meth_call[0m
  Contract call:       RastreabilidadeFarmaceuticaV2#consultarOperadorPorId
  From:                0xf39fd6e51aad88f6f4ce6ab8827279cfffb92266
  To:                  0x5fbdb2315678afecb367f032d93f642f64180aa3

[32meth_call[0m
  Contract call:       RastreabilidadeFarmaceuticaV2#consultarOperadorPorId
  From:                0xf39fd6e51aad88f6f4ce6ab8827279cfffb92266
  To:                  0x5fbdb2315678afecb367f032d93f642f64180aa3

[32meth_call[0m
  Contract call:       RastreabilidadeFarmaceuticaV2#consultarOperadorPorId
  From:                0xf39fd6e51aad88f6f4ce6ab8827279cfffb92266
  To:                  0x5fbdb2315678afecb367f032d93f642f64180aa3

[32meth_call[0m
  Contract call:       RastreabilidadeFarmaceuticaV2#consultarOperadorPorId
  From:                0xf39fd6e51aad88f6f4ce6ab8827279cfffb92266
  To:                  0x5fbdb2315678afecb367f032d93f642f64180aa3

[32meth_call[0m
  Contract call:       RastreabilidadeFarmaceuticaV2#consultarOperadorPorId
  From:                0xf39fd6e51aad88f6f4ce6ab8827279cfffb92266
  To:                  0x5fbdb2315678afecb367f032d93f642f64180aa3

[32meth_call[0m
  Contract call:       RastreabilidadeFarmaceuticaV2#consultarOperadorPorId
  From:                0xf39fd6e51aad88f6f4ce6ab8827279cfffb92266
  To:                  0x5fbdb2315678afecb367f032d93f642f64180aa3

[32meth_call[0m
  Contract call:       RastreabilidadeFarmaceuticaV2#consultarOperadorPorId
  From:                0xf39fd6e51aad88f6f4ce6ab8827279cfffb92266
  To:                  0x5fbdb2315678afecb367f032d93f642f64180aa3

[32meth_call[0m
  Contract call:       RastreabilidadeFarmaceuticaV2#consultarLotePorId
  From:                0xf39fd6e51aad88f6f4ce6ab8827279cfffb92266
  To:                  0x5fbdb2315678afecb367f032d93f642f64180aa3

[32meth_call[0m
  Contract call:       RastreabilidadeFarmaceuticaV2#consultarLotePorId
  From:                0xf39fd6e51aad88f6f4ce6ab8827279cfffb92266
  To:                  0x5fbdb2315678afecb367f032d93f642f64180aa3

[32meth_call[0m
  Contract call:       RastreabilidadeFarmaceuticaV2#consultarOperadorPorId
  From:                0xf39fd6e51aad88f6f4ce6ab8827279cfffb92266
  To:                  0x5fbdb2315678afecb367f032d93f642f64180aa3

[32meth_call[0m
  Contract call:       RastreabilidadeFarmaceuticaV2#consultarOrganizacaoPorId
  From:                0xf39fd6e51aad88f6f4ce6ab8827279cfffb92266
  To:                  0x5fbdb2315678afecb367f032d93f642f64180aa3

[32meth_chainId[0m
[32meth_call[0m
  Contract call:       RastreabilidadeFarmaceuticaV2#consultarSaldoLote
  From:                0xf39fd6e51aad88f6f4ce6ab8827279cfffb92266
  To:                  0x5fbdb2315678afecb367f032d93f642f64180aa3

[32meth_call[0m
  Contract call:       RastreabilidadeFarmaceuticaV2#consultarSaldoLote
  From:                0xf39fd6e51aad88f6f4ce6ab8827279cfffb92266
  To:                  0x5fbdb2315678afecb367f032d93f642f64180aa3

[32meth_blockNumber[0m
[32meth_blockNumber (2)[0m
[32meth_blockNumber (3)[0m
[32meth_blockNumber (4)[0m
[32meth_chainId[0m
[32meth_call[0m
  Contract call:       RastreabilidadeFarmaceuticaV2#totalOperadores
  From:                0xf39fd6e51aad88f6f4ce6ab8827279cfffb92266
  To:                  0x5fbdb2315678afecb367f032d93f642f64180aa3

[32meth_call[0m
  Contract call:       RastreabilidadeFarmaceuticaV2#totalLotes
  From:                0xf39fd6e51aad88f6f4ce6ab8827279cfffb92266
  To:                  0x5fbdb2315678afecb367f032d93f642f64180aa3

[32meth_call[0m
  Contract call:       RastreabilidadeFarmaceuticaV2#totalTransferencias
  From:                0xf39fd6e51aad88f6f4ce6ab8827279cfffb92266
  To:                  0x5fbdb2315678afecb367f032d93f642f64180aa3

[32meth_call[0m
  Contract call:       RastreabilidadeFarmaceuticaV2#sistemaPausado
  From:                0xf39fd6e51aad88f6f4ce6ab8827279cfffb92266
  To:                  0x5fbdb2315678afecb367f032d93f642f64180aa3

[32meth_call[0m
  Contract call:       RastreabilidadeFarmaceuticaV2#organizacaoReguladoraInicialId
  From:                0xf39fd6e51aad88f6f4ce6ab8827279cfffb92266
  To:                  0x5fbdb2315678afecb367f032d93f642f64180aa3

[32meth_call[0m
  Contract call:       RastreabilidadeFarmaceuticaV2#operadorReguladorInicialId
  From:                0xf39fd6e51aad88f6f4ce6ab8827279cfffb92266
  To:                  0x5fbdb2315678afecb367f032d93f642f64180aa3

[32meth_call[0m
  Contract call:       RastreabilidadeFarmaceuticaV2#consultarOperadorPorCarteira
  From:                0xf39fd6e51aad88f6f4ce6ab8827279cfffb92266
  To:                  0x5fbdb2315678afecb367f032d93f642f64180aa3

[32meth_call[0m
  Contract call:       RastreabilidadeFarmaceuticaV2#totalRegistrosAuditoria
  From:                0xf39fd6e51aad88f6f4ce6ab8827279cfffb92266
  To:                  0x5fbdb2315678afecb367f032d93f642f64180aa3

[32meth_call[0m
  Contract call:       RastreabilidadeFarmaceuticaV2#totalOrganizacoes
  From:                0xf39fd6e51aad88f6f4ce6ab8827279cfffb92266
  To:                  0x5fbdb2315678afecb367f032d93f642f64180aa3

[32meth_chainId[0m
[32meth_call[0m
  Contract call:       RastreabilidadeFarmaceuticaV2#consultarOrganizacaoPorId
  From:                0xf39fd6e51aad88f6f4ce6ab8827279cfffb92266
  To:                  0x5fbdb2315678afecb367f032d93f642f64180aa3

[32meth_chainId[0m
[32meth_call[0m
  Contract call:       RastreabilidadeFarmaceuticaV2#listarOrganizacoes
  From:                0xf39fd6e51aad88f6f4ce6ab8827279cfffb92266
  To:                  0x5fbdb2315678afecb367f032d93f642f64180aa3

[32meth_call[0m
  Contract call:       RastreabilidadeFarmaceuticaV2#listarLotes
  From:                0xf39fd6e51aad88f6f4ce6ab8827279cfffb92266
  To:                  0x5fbdb2315678afecb367f032d93f642f64180aa3

[32meth_call[0m
  Contract call:       RastreabilidadeFarmaceuticaV2#listarOperadores
  From:                0xf39fd6e51aad88f6f4ce6ab8827279cfffb92266
  To:                  0x5fbdb2315678afecb367f032d93f642f64180aa3

[32meth_call[0m
  Contract call:       RastreabilidadeFarmaceuticaV2#listarTransferencias
  From:                0xf39fd6e51aad88f6f4ce6ab8827279cfffb92266
  To:                  0x5fbdb2315678afecb367f032d93f642f64180aa3

[32meth_chainId[0m
[32meth_call[0m
  Contract call:       RastreabilidadeFarmaceuticaV2#consultarOrganizacaoPorId
  From:                0xf39fd6e51aad88f6f4ce6ab8827279cfffb92266
  To:                  0x5fbdb2315678afecb367f032d93f642f64180aa3

[32meth_call[0m
  Contract call:       RastreabilidadeFarmaceuticaV2#consultarOrganizacaoPorId
  From:                0xf39fd6e51aad88f6f4ce6ab8827279cfffb92266
  To:                  0x5fbdb2315678afecb367f032d93f642f64180aa3

[32meth_call[0m
  Contract call:       RastreabilidadeFarmaceuticaV2#consultarOrganizacaoPorId
  From:                0xf39fd6e51aad88f6f4ce6ab8827279cfffb92266
  To:                  0x5fbdb2315678afecb367f032d93f642f64180aa3

[32meth_call[0m
  Contract call:       RastreabilidadeFarmaceuticaV2#consultarOrganizacaoPorId
  From:                0xf39fd6e51aad88f6f4ce6ab8827279cfffb92266
  To:                  0x5fbdb2315678afecb367f032d93f642f64180aa3

[32meth_call[0m
  Contract call:       RastreabilidadeFarmaceuticaV2#consultarOrganizacaoPorId
  From:                0xf39fd6e51aad88f6f4ce6ab8827279cfffb92266
  To:                  0x5fbdb2315678afecb367f032d93f642f64180aa3

[32meth_call[0m
  Contract call:       RastreabilidadeFarmaceuticaV2#consultarOrganizacaoPorId
  From:                0xf39fd6e51aad88f6f4ce6ab8827279cfffb92266
  To:                  0x5fbdb2315678afecb367f032d93f642f64180aa3

[32meth_call[0m
  Contract call:       RastreabilidadeFarmaceuticaV2#consultarOrganizacaoPorId
  From:                0xf39fd6e51aad88f6f4ce6ab8827279cfffb92266
  To:                  0x5fbdb2315678afecb367f032d93f642f64180aa3

[32meth_call[0m
  Contract call:       RastreabilidadeFarmaceuticaV2#consultarOperadorPorId
  From:                0xf39fd6e51aad88f6f4ce6ab8827279cfffb92266
  To:                  0x5fbdb2315678afecb367f032d93f642f64180aa3

[32meth_call[0m
  Contract call:       RastreabilidadeFarmaceuticaV2#consultarOperadorPorId
  From:                0xf39fd6e51aad88f6f4ce6ab8827279cfffb92266
  To:                  0x5fbdb2315678afecb367f032d93f642f64180aa3

[32meth_call[0m
  Contract call:       RastreabilidadeFarmaceuticaV2#consultarOperadorPorId
  From:                0xf39fd6e51aad88f6f4ce6ab8827279cfffb92266
  To:                  0x5fbdb2315678afecb367f032d93f642f64180aa3

[32meth_call[0m
  Contract call:       RastreabilidadeFarmaceuticaV2#consultarOperadorPorId
  From:                0xf39fd6e51aad88f6f4ce6ab8827279cfffb92266
  To:                  0x5fbdb2315678afecb367f032d93f642f64180aa3

[32meth_call[0m
  Contract call:       RastreabilidadeFarmaceuticaV2#consultarOperadorPorId
  From:                0xf39fd6e51aad88f6f4ce6ab8827279cfffb92266
  To:                  0x5fbdb2315678afecb367f032d93f642f64180aa3

[32meth_call[0m
  Contract call:       RastreabilidadeFarmaceuticaV2#consultarOperadorPorId
  From:                0xf39fd6e51aad88f6f4ce6ab8827279cfffb92266
  To:                  0x5fbdb2315678afecb367f032d93f642f64180aa3

[32meth_call[0m
  Contract call:       RastreabilidadeFarmaceuticaV2#consultarOperadorPorId
  From:                0xf39fd6e51aad88f6f4ce6ab8827279cfffb92266
  To:                  0x5fbdb2315678afecb367f032d93f642f64180aa3

[32meth_call[0m
  Contract call:       RastreabilidadeFarmaceuticaV2#consultarOperadorPorId
  From:                0xf39fd6e51aad88f6f4ce6ab8827279cfffb92266
  To:                  0x5fbdb2315678afecb367f032d93f642f64180aa3

[32meth_call[0m
  Contract call:       RastreabilidadeFarmaceuticaV2#consultarLotePorId
  From:                0xf39fd6e51aad88f6f4ce6ab8827279cfffb92266
  To:                  0x5fbdb2315678afecb367f032d93f642f64180aa3

[32meth_call[0m
  Contract call:       RastreabilidadeFarmaceuticaV2#consultarLotePorId
  From:                0xf39fd6e51aad88f6f4ce6ab8827279cfffb92266
  To:                  0x5fbdb2315678afecb367f032d93f642f64180aa3

[32meth_call[0m
  Contract call:       RastreabilidadeFarmaceuticaV2#consultarOrganizacaoPorId
  From:                0xf39fd6e51aad88f6f4ce6ab8827279cfffb92266
  To:                  0x5fbdb2315678afecb367f032d93f642f64180aa3

[32meth_chainId[0m
[32meth_call[0m
  Contract call:       RastreabilidadeFarmaceuticaV2#consultarSaldoLote
  From:                0xf39fd6e51aad88f6f4ce6ab8827279cfffb92266
  To:                  0x5fbdb2315678afecb367f032d93f642f64180aa3

[32meth_call[0m
  Contract call:       RastreabilidadeFarmaceuticaV2#consultarSaldoLote
  From:                0xf39fd6e51aad88f6f4ce6ab8827279cfffb92266
  To:                  0x5fbdb2315678afecb367f032d93f642f64180aa3

[32meth_blockNumber[0m
[32meth_blockNumber (2)[0m
[32meth_blockNumber (3)[0m
[32meth_blockNumber (4)[0m
[32meth_chainId[0m
[32meth_call[0m
  Contract call:       RastreabilidadeFarmaceuticaV2#totalOrganizacoes
  From:                0xf39fd6e51aad88f6f4ce6ab8827279cfffb92266
  To:                  0x5fbdb2315678afecb367f032d93f642f64180aa3

[32meth_call[0m
  Contract call:       RastreabilidadeFarmaceuticaV2#totalOperadores
  From:                0xf39fd6e51aad88f6f4ce6ab8827279cfffb92266
  To:                  0x5fbdb2315678afecb367f032d93f642f64180aa3

[32meth_call[0m
  Contract call:       RastreabilidadeFarmaceuticaV2#totalLotes
  From:                0xf39fd6e51aad88f6f4ce6ab8827279cfffb92266
  To:                  0x5fbdb2315678afecb367f032d93f642f64180aa3

[32meth_call[0m
  Contract call:       RastreabilidadeFarmaceuticaV2#totalTransferencias
  From:                0xf39fd6e51aad88f6f4ce6ab8827279cfffb92266
  To:                  0x5fbdb2315678afecb367f032d93f642f64180aa3

[32meth_call[0m
  Contract call:       RastreabilidadeFarmaceuticaV2#totalRegistrosAuditoria
  From:                0xf39fd6e51aad88f6f4ce6ab8827279cfffb92266
  To:                  0x5fbdb2315678afecb367f032d93f642f64180aa3

[32meth_call[0m
  Contract call:       RastreabilidadeFarmaceuticaV2#sistemaPausado
  From:                0xf39fd6e51aad88f6f4ce6ab8827279cfffb92266
  To:                  0x5fbdb2315678afecb367f032d93f642f64180aa3

[32meth_call[0m
  Contract call:       RastreabilidadeFarmaceuticaV2#organizacaoReguladoraInicialId
  From:                0xf39fd6e51aad88f6f4ce6ab8827279cfffb92266
  To:                  0x5fbdb2315678afecb367f032d93f642f64180aa3

[32meth_call[0m
  Contract call:       RastreabilidadeFarmaceuticaV2#operadorReguladorInicialId
  From:                0xf39fd6e51aad88f6f4ce6ab8827279cfffb92266
  To:                  0x5fbdb2315678afecb367f032d93f642f64180aa3

[32meth_call[0m
  Contract call:       RastreabilidadeFarmaceuticaV2#consultarOperadorPorCarteira
  From:                0xf39fd6e51aad88f6f4ce6ab8827279cfffb92266
  To:                  0x5fbdb2315678afecb367f032d93f642f64180aa3

[32meth_chainId[0m
[32meth_call[0m
  Contract call:       RastreabilidadeFarmaceuticaV2#consultarOrganizacaoPorId
  From:                0xf39fd6e51aad88f6f4ce6ab8827279cfffb92266
  To:                  0x5fbdb2315678afecb367f032d93f642f64180aa3

[32meth_chainId[0m
[32meth_call[0m
  Contract call:       RastreabilidadeFarmaceuticaV2#listarTransferencias
  From:                0xf39fd6e51aad88f6f4ce6ab8827279cfffb92266
  To:                  0x5fbdb2315678afecb367f032d93f642f64180aa3

[32meth_call[0m
  Contract call:       RastreabilidadeFarmaceuticaV2#listarOperadores
  From:                0xf39fd6e51aad88f6f4ce6ab8827279cfffb92266
  To:                  0x5fbdb2315678afecb367f032d93f642f64180aa3

[32meth_call[0m
  Contract call:       RastreabilidadeFarmaceuticaV2#listarOrganizacoes
  From:                0xf39fd6e51aad88f6f4ce6ab8827279cfffb92266
  To:                  0x5fbdb2315678afecb367f032d93f642f64180aa3

[32meth_call[0m
  Contract call:       RastreabilidadeFarmaceuticaV2#listarLotes
  From:                0xf39fd6e51aad88f6f4ce6ab8827279cfffb92266
  To:                  0x5fbdb2315678afecb367f032d93f642f64180aa3

[32meth_chainId[0m
[32meth_call[0m
  Contract call:       RastreabilidadeFarmaceuticaV2#consultarOrganizacaoPorId
  From:                0xf39fd6e51aad88f6f4ce6ab8827279cfffb92266
  To:                  0x5fbdb2315678afecb367f032d93f642f64180aa3

[32meth_call[0m
  Contract call:       RastreabilidadeFarmaceuticaV2#consultarOrganizacaoPorId
  From:                0xf39fd6e51aad88f6f4ce6ab8827279cfffb92266
  To:                  0x5fbdb2315678afecb367f032d93f642f64180aa3

[32meth_call[0m
  Contract call:       RastreabilidadeFarmaceuticaV2#consultarOrganizacaoPorId
  From:                0xf39fd6e51aad88f6f4ce6ab8827279cfffb92266
  To:                  0x5fbdb2315678afecb367f032d93f642f64180aa3

[32meth_call[0m
  Contract call:       RastreabilidadeFarmaceuticaV2#consultarOrganizacaoPorId
  From:                0xf39fd6e51aad88f6f4ce6ab8827279cfffb92266
  To:                  0x5fbdb2315678afecb367f032d93f642f64180aa3

[32meth_call[0m
  Contract call:       RastreabilidadeFarmaceuticaV2#consultarOrganizacaoPorId
  From:                0xf39fd6e51aad88f6f4ce6ab8827279cfffb92266
  To:                  0x5fbdb2315678afecb367f032d93f642f64180aa3

[32meth_call[0m
  Contract call:       RastreabilidadeFarmaceuticaV2#consultarOrganizacaoPorId
  From:                0xf39fd6e51aad88f6f4ce6ab8827279cfffb92266
  To:                  0x5fbdb2315678afecb367f032d93f642f64180aa3

[32meth_call[0m
  Contract call:       RastreabilidadeFarmaceuticaV2#consultarOrganizacaoPorId
  From:                0xf39fd6e51aad88f6f4ce6ab8827279cfffb92266
  To:                  0x5fbdb2315678afecb367f032d93f642f64180aa3

[32meth_call[0m
  Contract call:       RastreabilidadeFarmaceuticaV2#consultarOrganizacaoPorId
  From:                0xf39fd6e51aad88f6f4ce6ab8827279cfffb92266
  To:                  0x5fbdb2315678afecb367f032d93f642f64180aa3

[32meth_call[0m
  Contract call:       RastreabilidadeFarmaceuticaV2#consultarOperadorPorId
  From:                0xf39fd6e51aad88f6f4ce6ab8827279cfffb92266
  To:                  0x5fbdb2315678afecb367f032d93f642f64180aa3

[32meth_call[0m
  Contract call:       RastreabilidadeFarmaceuticaV2#consultarOperadorPorId
  From:                0xf39fd6e51aad88f6f4ce6ab8827279cfffb92266
  To:                  0x5fbdb2315678afecb367f032d93f642f64180aa3

[32meth_call[0m
  Contract call:       RastreabilidadeFarmaceuticaV2#consultarOperadorPorId
  From:                0xf39fd6e51aad88f6f4ce6ab8827279cfffb92266
  To:                  0x5fbdb2315678afecb367f032d93f642f64180aa3

[32meth_call[0m
  Contract call:       RastreabilidadeFarmaceuticaV2#consultarOperadorPorId
  From:                0xf39fd6e51aad88f6f4ce6ab8827279cfffb92266
  To:                  0x5fbdb2315678afecb367f032d93f642f64180aa3

[32meth_call[0m
  Contract call:       RastreabilidadeFarmaceuticaV2#consultarOperadorPorId
  From:                0xf39fd6e51aad88f6f4ce6ab8827279cfffb92266
  To:                  0x5fbdb2315678afecb367f032d93f642f64180aa3

[32meth_call[0m
  Contract call:       RastreabilidadeFarmaceuticaV2#consultarOperadorPorId
  From:                0xf39fd6e51aad88f6f4ce6ab8827279cfffb92266
  To:                  0x5fbdb2315678afecb367f032d93f642f64180aa3

[32meth_call[0m
  Contract call:       RastreabilidadeFarmaceuticaV2#consultarLotePorId
  From:                0xf39fd6e51aad88f6f4ce6ab8827279cfffb92266
  To:                  0x5fbdb2315678afecb367f032d93f642f64180aa3

[32meth_call[0m
  Contract call:       RastreabilidadeFarmaceuticaV2#consultarOperadorPorId
  From:                0xf39fd6e51aad88f6f4ce6ab8827279cfffb92266
  To:                  0x5fbdb2315678afecb367f032d93f642f64180aa3

[32meth_call[0m
  Contract call:       RastreabilidadeFarmaceuticaV2#consultarOperadorPorId
  From:                0xf39fd6e51aad88f6f4ce6ab8827279cfffb92266
  To:                  0x5fbdb2315678afecb367f032d93f642f64180aa3

[32meth_call[0m
  Contract call:       RastreabilidadeFarmaceuticaV2#consultarLotePorId
  From:                0xf39fd6e51aad88f6f4ce6ab8827279cfffb92266
  To:                  0x5fbdb2315678afecb367f032d93f642f64180aa3

[32meth_chainId[0m
[32meth_call[0m
  Contract call:       RastreabilidadeFarmaceuticaV2#consultarSaldoLote
  From:                0xf39fd6e51aad88f6f4ce6ab8827279cfffb92266
  To:                  0x5fbdb2315678afecb367f032d93f642f64180aa3

[32meth_call[0m
  Contract call:       RastreabilidadeFarmaceuticaV2#consultarSaldoLote
  From:                0xf39fd6e51aad88f6f4ce6ab8827279cfffb92266
  To:                  0x5fbdb2315678afecb367f032d93f642f64180aa3

[32meth_blockNumber[0m
[32meth_blockNumber (2)[0m
[32meth_blockNumber (3)[0m
[32meth_blockNumber (4)[0m
[32meth_blockNumber (5)[0m
[32meth_blockNumber (6)[0m
[32meth_chainId[0m
[32meth_chainId (2)[0m
[32meth_getCode[0m
[32meth_chainId[0m
[32meth_call[0m
  Contract call:       RastreabilidadeFarmaceuticaV2#totalOperadores
  From:                0xf39fd6e51aad88f6f4ce6ab8827279cfffb92266
  To:                  0x5fbdb2315678afecb367f032d93f642f64180aa3

[32meth_call[0m
  Contract call:       RastreabilidadeFarmaceuticaV2#totalOrganizacoes
  From:                0xf39fd6e51aad88f6f4ce6ab8827279cfffb92266
  To:                  0x5fbdb2315678afecb367f032d93f642f64180aa3

[32meth_call[0m
  Contract call:       RastreabilidadeFarmaceuticaV2#totalLotes
  From:                0xf39fd6e51aad88f6f4ce6ab8827279cfffb92266
  To:                  0x5fbdb2315678afecb367f032d93f642f64180aa3

[32meth_call[0m
  Contract call:       RastreabilidadeFarmaceuticaV2#totalTransferencias
  From:                0xf39fd6e51aad88f6f4ce6ab8827279cfffb92266
  To:                  0x5fbdb2315678afecb367f032d93f642f64180aa3

[32meth_call[0m
  Contract call:       RastreabilidadeFarmaceuticaV2#sistemaPausado
  From:                0xf39fd6e51aad88f6f4ce6ab8827279cfffb92266
  To:                  0x5fbdb2315678afecb367f032d93f642f64180aa3

[32meth_call[0m
  Contract call:       RastreabilidadeFarmaceuticaV2#totalRegistrosAuditoria
  From:                0xf39fd6e51aad88f6f4ce6ab8827279cfffb92266
  To:                  0x5fbdb2315678afecb367f032d93f642f64180aa3

[32meth_call[0m
  Contract call:       RastreabilidadeFarmaceuticaV2#organizacaoReguladoraInicialId
  From:                0xf39fd6e51aad88f6f4ce6ab8827279cfffb92266
  To:                  0x5fbdb2315678afecb367f032d93f642f64180aa3

[32meth_call[0m
  Contract call:       RastreabilidadeFarmaceuticaV2#operadorReguladorInicialId
  From:                0xf39fd6e51aad88f6f4ce6ab8827279cfffb92266
  To:                  0x5fbdb2315678afecb367f032d93f642f64180aa3

[32meth_call[0m
  Contract call:       RastreabilidadeFarmaceuticaV2#consultarOperadorPorCarteira
  From:                0xf39fd6e51aad88f6f4ce6ab8827279cfffb92266
  To:                  0x5fbdb2315678afecb367f032d93f642f64180aa3

[32meth_chainId[0m
[32meth_call[0m
  Contract call:       RastreabilidadeFarmaceuticaV2#consultarOrganizacaoPorId
  From:                0xf39fd6e51aad88f6f4ce6ab8827279cfffb92266
  To:                  0x5fbdb2315678afecb367f032d93f642f64180aa3

[32meth_blockNumber[0m
[32meth_chainId[0m
[32meth_call[0m
  Contract call:       RastreabilidadeFarmaceuticaV2#totalOrganizacoes
  From:                0xf39fd6e51aad88f6f4ce6ab8827279cfffb92266
  To:                  0x5fbdb2315678afecb367f032d93f642f64180aa3

[32meth_call[0m
  Contract call:       RastreabilidadeFarmaceuticaV2#totalOperadores
  From:                0xf39fd6e51aad88f6f4ce6ab8827279cfffb92266
  To:                  0x5fbdb2315678afecb367f032d93f642f64180aa3

[32meth_call[0m
  Contract call:       RastreabilidadeFarmaceuticaV2#totalLotes
  From:                0xf39fd6e51aad88f6f4ce6ab8827279cfffb92266
  To:                  0x5fbdb2315678afecb367f032d93f642f64180aa3

[32meth_call[0m
  Contract call:       RastreabilidadeFarmaceuticaV2#totalTransferencias
  From:                0xf39fd6e51aad88f6f4ce6ab8827279cfffb92266
  To:                  0x5fbdb2315678afecb367f032d93f642f64180aa3

[32meth_call[0m
  Contract call:       RastreabilidadeFarmaceuticaV2#totalRegistrosAuditoria
  From:                0xf39fd6e51aad88f6f4ce6ab8827279cfffb92266
  To:                  0x5fbdb2315678afecb367f032d93f642f64180aa3

[32meth_call[0m
  Contract call:       RastreabilidadeFarmaceuticaV2#sistemaPausado
  From:                0xf39fd6e51aad88f6f4ce6ab8827279cfffb92266
  To:                  0x5fbdb2315678afecb367f032d93f642f64180aa3

[32meth_call[0m
  Contract call:       RastreabilidadeFarmaceuticaV2#organizacaoReguladoraInicialId
  From:                0xf39fd6e51aad88f6f4ce6ab8827279cfffb92266
  To:                  0x5fbdb2315678afecb367f032d93f642f64180aa3

[32meth_call[0m
  Contract call:       RastreabilidadeFarmaceuticaV2#operadorReguladorInicialId
  From:                0xf39fd6e51aad88f6f4ce6ab8827279cfffb92266
  To:                  0x5fbdb2315678afecb367f032d93f642f64180aa3

[32meth_call[0m
  Contract call:       RastreabilidadeFarmaceuticaV2#consultarOperadorPorCarteira
  From:                0xf39fd6e51aad88f6f4ce6ab8827279cfffb92266
  To:                  0x5fbdb2315678afecb367f032d93f642f64180aa3

[32meth_chainId[0m
[32meth_call[0m
  Contract call:       RastreabilidadeFarmaceuticaV2#consultarOrganizacaoPorId
  From:                0xf39fd6e51aad88f6f4ce6ab8827279cfffb92266
  To:                  0x5fbdb2315678afecb367f032d93f642f64180aa3

[32meth_chainId[0m
[32meth_call[0m
  Contract call:       RastreabilidadeFarmaceuticaV2#listarLotes
  From:                0xf39fd6e51aad88f6f4ce6ab8827279cfffb92266
  To:                  0x5fbdb2315678afecb367f032d93f642f64180aa3

[32meth_call[0m
  Contract call:       RastreabilidadeFarmaceuticaV2#listarOperadores
  From:                0xf39fd6e51aad88f6f4ce6ab8827279cfffb92266
  To:                  0x5fbdb2315678afecb367f032d93f642f64180aa3

[32meth_call[0m
  Contract call:       RastreabilidadeFarmaceuticaV2#listarOrganizacoes
  From:                0xf39fd6e51aad88f6f4ce6ab8827279cfffb92266
  To:                  0x5fbdb2315678afecb367f032d93f642f64180aa3

[32meth_call[0m
  Contract call:       RastreabilidadeFarmaceuticaV2#listarTransferencias
  From:                0xf39fd6e51aad88f6f4ce6ab8827279cfffb92266
  To:                  0x5fbdb2315678afecb367f032d93f642f64180aa3

[32meth_chainId[0m
[32meth_call[0m
  Contract call:       RastreabilidadeFarmaceuticaV2#consultarOrganizacaoPorId
  From:                0xf39fd6e51aad88f6f4ce6ab8827279cfffb92266
  To:                  0x5fbdb2315678afecb367f032d93f642f64180aa3

[32meth_call[0m
  Contract call:       RastreabilidadeFarmaceuticaV2#consultarOrganizacaoPorId
  From:                0xf39fd6e51aad88f6f4ce6ab8827279cfffb92266
  To:                  0x5fbdb2315678afecb367f032d93f642f64180aa3

[32meth_call[0m
  Contract call:       RastreabilidadeFarmaceuticaV2#consultarOrganizacaoPorId
  From:                0xf39fd6e51aad88f6f4ce6ab8827279cfffb92266
  To:                  0x5fbdb2315678afecb367f032d93f642f64180aa3

[32meth_call[0m
  Contract call:       RastreabilidadeFarmaceuticaV2#consultarOrganizacaoPorId
  From:                0xf39fd6e51aad88f6f4ce6ab8827279cfffb92266
  To:                  0x5fbdb2315678afecb367f032d93f642f64180aa3

[32meth_call[0m
  Contract call:       RastreabilidadeFarmaceuticaV2#consultarOrganizacaoPorId
  From:                0xf39fd6e51aad88f6f4ce6ab8827279cfffb92266
  To:                  0x5fbdb2315678afecb367f032d93f642f64180aa3

[32meth_call[0m
  Contract call:       RastreabilidadeFarmaceuticaV2#consultarOrganizacaoPorId
  From:                0xf39fd6e51aad88f6f4ce6ab8827279cfffb92266
  To:                  0x5fbdb2315678afecb367f032d93f642f64180aa3

[32meth_call[0m
  Contract call:       RastreabilidadeFarmaceuticaV2#consultarOrganizacaoPorId
  From:                0xf39fd6e51aad88f6f4ce6ab8827279cfffb92266
  To:                  0x5fbdb2315678afecb367f032d93f642f64180aa3

[32meth_call[0m
  Contract call:       RastreabilidadeFarmaceuticaV2#consultarOperadorPorId
  From:                0xf39fd6e51aad88f6f4ce6ab8827279cfffb92266
  To:                  0x5fbdb2315678afecb367f032d93f642f64180aa3

[32meth_call[0m
  Contract call:       RastreabilidadeFarmaceuticaV2#consultarOperadorPorId
  From:                0xf39fd6e51aad88f6f4ce6ab8827279cfffb92266
  To:                  0x5fbdb2315678afecb367f032d93f642f64180aa3

[32meth_call[0m
  Contract call:       RastreabilidadeFarmaceuticaV2#consultarOperadorPorId
  From:                0xf39fd6e51aad88f6f4ce6ab8827279cfffb92266
  To:                  0x5fbdb2315678afecb367f032d93f642f64180aa3

[32meth_call[0m
  Contract call:       RastreabilidadeFarmaceuticaV2#consultarLotePorId
  From:                0xf39fd6e51aad88f6f4ce6ab8827279cfffb92266
  To:                  0x5fbdb2315678afecb367f032d93f642f64180aa3

[32meth_call[0m
  Contract call:       RastreabilidadeFarmaceuticaV2#consultarOperadorPorId
  From:                0xf39fd6e51aad88f6f4ce6ab8827279cfffb92266
  To:                  0x5fbdb2315678afecb367f032d93f642f64180aa3

[32meth_call[0m
  Contract call:       RastreabilidadeFarmaceuticaV2#consultarLotePorId
  From:                0xf39fd6e51aad88f6f4ce6ab8827279cfffb92266
  To:                  0x5fbdb2315678afecb367f032d93f642f64180aa3

[32meth_call[0m
  Contract call:       RastreabilidadeFarmaceuticaV2#consultarOrganizacaoPorId
  From:                0xf39fd6e51aad88f6f4ce6ab8827279cfffb92266
  To:                  0x5fbdb2315678afecb367f032d93f642f64180aa3

[32meth_call[0m
  Contract call:       RastreabilidadeFarmaceuticaV2#consultarOperadorPorId
  From:                0xf39fd6e51aad88f6f4ce6ab8827279cfffb92266
  To:                  0x5fbdb2315678afecb367f032d93f642f64180aa3

[32meth_call[0m
  Contract call:       RastreabilidadeFarmaceuticaV2#consultarOperadorPorId
  From:                0xf39fd6e51aad88f6f4ce6ab8827279cfffb92266
  To:                  0x5fbdb2315678afecb367f032d93f642f64180aa3

[32meth_call[0m
  Contract call:       RastreabilidadeFarmaceuticaV2#consultarOperadorPorId
  From:                0xf39fd6e51aad88f6f4ce6ab8827279cfffb92266
  To:                  0x5fbdb2315678afecb367f032d93f642f64180aa3

[32meth_call[0m
  Contract call:       RastreabilidadeFarmaceuticaV2#consultarOperadorPorId
  From:                0xf39fd6e51aad88f6f4ce6ab8827279cfffb92266
  To:                  0x5fbdb2315678afecb367f032d93f642f64180aa3

[32meth_call[0m
  Contract call:       RastreabilidadeFarmaceuticaV2#consultarSaldoLote
  From:                0xf39fd6e51aad88f6f4ce6ab8827279cfffb92266
  To:                  0x5fbdb2315678afecb367f032d93f642f64180aa3

[32meth_call[0m
  Contract call:       RastreabilidadeFarmaceuticaV2#consultarSaldoLote
  From:                0xf39fd6e51aad88f6f4ce6ab8827279cfffb92266
  To:                  0x5fbdb2315678afecb367f032d93f642f64180aa3

[32meth_chainId[0m
[32meth_blockNumber[0m
[32meth_blockNumber (2)[0m
[32meth_chainId[0m
[32meth_call[0m
  Contract call:       RastreabilidadeFarmaceuticaV2#totalOrganizacoes
  From:                0xf39fd6e51aad88f6f4ce6ab8827279cfffb92266
  To:                  0x5fbdb2315678afecb367f032d93f642f64180aa3

[32meth_call[0m
  Contract call:       RastreabilidadeFarmaceuticaV2#totalOperadores
  From:                0xf39fd6e51aad88f6f4ce6ab8827279cfffb92266
  To:                  0x5fbdb2315678afecb367f032d93f642f64180aa3

[32meth_call[0m
  Contract call:       RastreabilidadeFarmaceuticaV2#totalLotes
  From:                0xf39fd6e51aad88f6f4ce6ab8827279cfffb92266
  To:                  0x5fbdb2315678afecb367f032d93f642f64180aa3

[32meth_call[0m
  Contract call:       RastreabilidadeFarmaceuticaV2#totalTransferencias
  From:                0xf39fd6e51aad88f6f4ce6ab8827279cfffb92266
  To:                  0x5fbdb2315678afecb367f032d93f642f64180aa3

[32meth_call[0m
  Contract call:       RastreabilidadeFarmaceuticaV2#sistemaPausado
  From:                0xf39fd6e51aad88f6f4ce6ab8827279cfffb92266
  To:                  0x5fbdb2315678afecb367f032d93f642f64180aa3

[32meth_call[0m
  Contract call:       RastreabilidadeFarmaceuticaV2#totalRegistrosAuditoria
  From:                0xf39fd6e51aad88f6f4ce6ab8827279cfffb92266
  To:                  0x5fbdb2315678afecb367f032d93f642f64180aa3

[32meth_call[0m
  Contract call:       RastreabilidadeFarmaceuticaV2#organizacaoReguladoraInicialId
  From:                0xf39fd6e51aad88f6f4ce6ab8827279cfffb92266
  To:                  0x5fbdb2315678afecb367f032d93f642f64180aa3

[32meth_call[0m
  Contract call:       RastreabilidadeFarmaceuticaV2#operadorReguladorInicialId
  From:                0xf39fd6e51aad88f6f4ce6ab8827279cfffb92266
  To:                  0x5fbdb2315678afecb367f032d93f642f64180aa3

[32meth_call[0m
  Contract call:       RastreabilidadeFarmaceuticaV2#consultarOperadorPorCarteira
  From:                0xf39fd6e51aad88f6f4ce6ab8827279cfffb92266
  To:                  0x5fbdb2315678afecb367f032d93f642f64180aa3

[32meth_chainId[0m
[32meth_call[0m
  Contract call:       RastreabilidadeFarmaceuticaV2#consultarOrganizacaoPorId
  From:                0xf39fd6e51aad88f6f4ce6ab8827279cfffb92266
  To:                  0x5fbdb2315678afecb367f032d93f642f64180aa3

[32meth_chainId[0m
[32meth_call[0m
  Contract call:       RastreabilidadeFarmaceuticaV2#listarOrganizacoes
  From:                0xf39fd6e51aad88f6f4ce6ab8827279cfffb92266
  To:                  0x5fbdb2315678afecb367f032d93f642f64180aa3

[32meth_call[0m
  Contract call:       RastreabilidadeFarmaceuticaV2#listarTransferencias
  From:                0xf39fd6e51aad88f6f4ce6ab8827279cfffb92266
  To:                  0x5fbdb2315678afecb367f032d93f642f64180aa3

[32meth_call[0m
  Contract call:       RastreabilidadeFarmaceuticaV2#listarOperadores
  From:                0xf39fd6e51aad88f6f4ce6ab8827279cfffb92266
  To:                  0x5fbdb2315678afecb367f032d93f642f64180aa3

[32meth_call[0m
  Contract call:       RastreabilidadeFarmaceuticaV2#listarLotes
  From:                0xf39fd6e51aad88f6f4ce6ab8827279cfffb92266
  To:                  0x5fbdb2315678afecb367f032d93f642f64180aa3

[32meth_chainId[0m
[32meth_call[0m
  Contract call:       RastreabilidadeFarmaceuticaV2#consultarOrganizacaoPorId
  From:                0xf39fd6e51aad88f6f4ce6ab8827279cfffb92266
  To:                  0x5fbdb2315678afecb367f032d93f642f64180aa3

[32meth_call[0m
  Contract call:       RastreabilidadeFarmaceuticaV2#consultarOrganizacaoPorId
  From:                0xf39fd6e51aad88f6f4ce6ab8827279cfffb92266
  To:                  0x5fbdb2315678afecb367f032d93f642f64180aa3

[32meth_call[0m
  Contract call:       RastreabilidadeFarmaceuticaV2#consultarOrganizacaoPorId
  From:                0xf39fd6e51aad88f6f4ce6ab8827279cfffb92266
  To:                  0x5fbdb2315678afecb367f032d93f642f64180aa3

[32meth_call[0m
  Contract call:       RastreabilidadeFarmaceuticaV2#consultarOrganizacaoPorId
  From:                0xf39fd6e51aad88f6f4ce6ab8827279cfffb92266
  To:                  0x5fbdb2315678afecb367f032d93f642f64180aa3

[32meth_call[0m
  Contract call:       RastreabilidadeFarmaceuticaV2#consultarOrganizacaoPorId
  From:                0xf39fd6e51aad88f6f4ce6ab8827279cfffb92266
  To:                  0x5fbdb2315678afecb367f032d93f642f64180aa3

[32meth_call[0m
  Contract call:       RastreabilidadeFarmaceuticaV2#consultarOrganizacaoPorId
  From:                0xf39fd6e51aad88f6f4ce6ab8827279cfffb92266
  To:                  0x5fbdb2315678afecb367f032d93f642f64180aa3

[32meth_call[0m
  Contract call:       RastreabilidadeFarmaceuticaV2#consultarOrganizacaoPorId
  From:                0xf39fd6e51aad88f6f4ce6ab8827279cfffb92266
  To:                  0x5fbdb2315678afecb367f032d93f642f64180aa3

[32meth_call[0m
  Contract call:       RastreabilidadeFarmaceuticaV2#consultarOperadorPorId
  From:                0xf39fd6e51aad88f6f4ce6ab8827279cfffb92266
  To:                  0x5fbdb2315678afecb367f032d93f642f64180aa3

[32meth_call[0m
  Contract call:       RastreabilidadeFarmaceuticaV2#consultarOperadorPorId
  From:                0xf39fd6e51aad88f6f4ce6ab8827279cfffb92266
  To:                  0x5fbdb2315678afecb367f032d93f642f64180aa3

[32meth_call[0m
  Contract call:       RastreabilidadeFarmaceuticaV2#consultarOperadorPorId
  From:                0xf39fd6e51aad88f6f4ce6ab8827279cfffb92266
  To:                  0x5fbdb2315678afecb367f032d93f642f64180aa3

[32meth_call[0m
  Contract call:       RastreabilidadeFarmaceuticaV2#consultarOperadorPorId
  From:                0xf39fd6e51aad88f6f4ce6ab8827279cfffb92266
  To:                  0x5fbdb2315678afecb367f032d93f642f64180aa3

[32meth_call[0m
  Contract call:       RastreabilidadeFarmaceuticaV2#consultarOperadorPorId
  From:                0xf39fd6e51aad88f6f4ce6ab8827279cfffb92266
  To:                  0x5fbdb2315678afecb367f032d93f642f64180aa3

[32meth_call[0m
  Contract call:       RastreabilidadeFarmaceuticaV2#consultarOperadorPorId
  From:                0xf39fd6e51aad88f6f4ce6ab8827279cfffb92266
  To:                  0x5fbdb2315678afecb367f032d93f642f64180aa3

[32meth_call[0m
  Contract call:       RastreabilidadeFarmaceuticaV2#consultarOperadorPorId
  From:                0xf39fd6e51aad88f6f4ce6ab8827279cfffb92266
  To:                  0x5fbdb2315678afecb367f032d93f642f64180aa3

[32meth_call[0m
  Contract call:       RastreabilidadeFarmaceuticaV2#consultarLotePorId
  From:                0xf39fd6e51aad88f6f4ce6ab8827279cfffb92266
  To:                  0x5fbdb2315678afecb367f032d93f642f64180aa3

[32meth_call[0m
  Contract call:       RastreabilidadeFarmaceuticaV2#consultarLotePorId
  From:                0xf39fd6e51aad88f6f4ce6ab8827279cfffb92266
  To:                  0x5fbdb2315678afecb367f032d93f642f64180aa3

[32meth_call[0m
  Contract call:       RastreabilidadeFarmaceuticaV2#consultarOperadorPorId
  From:                0xf39fd6e51aad88f6f4ce6ab8827279cfffb92266
  To:                  0x5fbdb2315678afecb367f032d93f642f64180aa3

[32meth_call[0m
  Contract call:       RastreabilidadeFarmaceuticaV2#consultarOrganizacaoPorId
  From:                0xf39fd6e51aad88f6f4ce6ab8827279cfffb92266
  To:                  0x5fbdb2315678afecb367f032d93f642f64180aa3

[32meth_chainId[0m
[32meth_call[0m
  Contract call:       RastreabilidadeFarmaceuticaV2#consultarSaldoLote
  From:                0xf39fd6e51aad88f6f4ce6ab8827279cfffb92266
  To:                  0x5fbdb2315678afecb367f032d93f642f64180aa3

[32meth_call[0m
  Contract call:       RastreabilidadeFarmaceuticaV2#consultarSaldoLote
  From:                0xf39fd6e51aad88f6f4ce6ab8827279cfffb92266
  To:                  0x5fbdb2315678afecb367f032d93f642f64180aa3

[32meth_blockNumber[0m
[32meth_blockNumber (2)[0m
[32meth_blockNumber (3)[0m
[32meth_blockNumber (4)[0m
[32meth_blockNumber (5)[0m
[32meth_blockNumber (6)[0m
[32meth_blockNumber (7)[0m
[32meth_blockNumber (8)[0m
[32meth_blockNumber (9)[0m
[32meth_blockNumber (10)[0m
[32meth_blockNumber (11)[0m
[32meth_blockNumber (12)[0m
[32meth_blockNumber (13)[0m
[32meth_chainId[0m
[32meth_call[0m
  Contract call:       RastreabilidadeFarmaceuticaV2#totalOperadores
  From:                0xf39fd6e51aad88f6f4ce6ab8827279cfffb92266
  To:                  0x5fbdb2315678afecb367f032d93f642f64180aa3

[32meth_call[0m
  Contract call:       RastreabilidadeFarmaceuticaV2#totalTransferencias
  From:                0xf39fd6e51aad88f6f4ce6ab8827279cfffb92266
  To:                  0x5fbdb2315678afecb367f032d93f642f64180aa3

[32meth_call[0m
  Contract call:       RastreabilidadeFarmaceuticaV2#totalOrganizacoes
  From:                0xf39fd6e51aad88f6f4ce6ab8827279cfffb92266
  To:                  0x5fbdb2315678afecb367f032d93f642f64180aa3

[32meth_call[0m
  Contract call:       RastreabilidadeFarmaceuticaV2#organizacaoReguladoraInicialId
  From:                0xf39fd6e51aad88f6f4ce6ab8827279cfffb92266
  To:                  0x5fbdb2315678afecb367f032d93f642f64180aa3

[32meth_call[0m
  Contract call:       RastreabilidadeFarmaceuticaV2#consultarOperadorPorCarteira
  From:                0xf39fd6e51aad88f6f4ce6ab8827279cfffb92266
  To:                  0x5fbdb2315678afecb367f032d93f642f64180aa3

[32meth_call[0m
  Contract call:       RastreabilidadeFarmaceuticaV2#totalLotes
  From:                0xf39fd6e51aad88f6f4ce6ab8827279cfffb92266
  To:                  0x5fbdb2315678afecb367f032d93f642f64180aa3

[32meth_call[0m
  Contract call:       RastreabilidadeFarmaceuticaV2#totalRegistrosAuditoria
  From:                0xf39fd6e51aad88f6f4ce6ab8827279cfffb92266
  To:                  0x5fbdb2315678afecb367f032d93f642f64180aa3

[32meth_call[0m
  Contract call:       RastreabilidadeFarmaceuticaV2#operadorReguladorInicialId
  From:                0xf39fd6e51aad88f6f4ce6ab8827279cfffb92266
  To:                  0x5fbdb2315678afecb367f032d93f642f64180aa3

[32meth_call[0m
  Contract call:       RastreabilidadeFarmaceuticaV2#sistemaPausado
  From:                0xf39fd6e51aad88f6f4ce6ab8827279cfffb92266
  To:                  0x5fbdb2315678afecb367f032d93f642f64180aa3

[32meth_chainId[0m
[32meth_call[0m
  Contract call:       RastreabilidadeFarmaceuticaV2#consultarOrganizacaoPorId
  From:                0xf39fd6e51aad88f6f4ce6ab8827279cfffb92266
  To:                  0x5fbdb2315678afecb367f032d93f642f64180aa3

[32meth_chainId[0m
[32meth_call[0m
  Contract call:       RastreabilidadeFarmaceuticaV2#listarOrganizacoes
  From:                0xf39fd6e51aad88f6f4ce6ab8827279cfffb92266
  To:                  0x5fbdb2315678afecb367f032d93f642f64180aa3

[32meth_call[0m
  Contract call:       RastreabilidadeFarmaceuticaV2#listarLotes
  From:                0xf39fd6e51aad88f6f4ce6ab8827279cfffb92266
  To:                  0x5fbdb2315678afecb367f032d93f642f64180aa3

[32meth_call[0m
  Contract call:       RastreabilidadeFarmaceuticaV2#listarOperadores
  From:                0xf39fd6e51aad88f6f4ce6ab8827279cfffb92266
  To:                  0x5fbdb2315678afecb367f032d93f642f64180aa3

[32meth_call[0m
  Contract call:       RastreabilidadeFarmaceuticaV2#listarTransferencias
  From:                0xf39fd6e51aad88f6f4ce6ab8827279cfffb92266
  To:                  0x5fbdb2315678afecb367f032d93f642f64180aa3

[32meth_chainId[0m
[32meth_call[0m
  Contract call:       RastreabilidadeFarmaceuticaV2#consultarOrganizacaoPorId
  From:                0xf39fd6e51aad88f6f4ce6ab8827279cfffb92266
  To:                  0x5fbdb2315678afecb367f032d93f642f64180aa3

[32meth_call[0m
  Contract call:       RastreabilidadeFarmaceuticaV2#consultarOrganizacaoPorId
  From:                0xf39fd6e51aad88f6f4ce6ab8827279cfffb92266
  To:                  0x5fbdb2315678afecb367f032d93f642f64180aa3

[32meth_call[0m
  Contract call:       RastreabilidadeFarmaceuticaV2#consultarOrganizacaoPorId
  From:                0xf39fd6e51aad88f6f4ce6ab8827279cfffb92266
  To:                  0x5fbdb2315678afecb367f032d93f642f64180aa3

[32meth_call[0m
  Contract call:       RastreabilidadeFarmaceuticaV2#consultarOrganizacaoPorId
  From:                0xf39fd6e51aad88f6f4ce6ab8827279cfffb92266
  To:                  0x5fbdb2315678afecb367f032d93f642f64180aa3

[32meth_call[0m
  Contract call:       RastreabilidadeFarmaceuticaV2#consultarOrganizacaoPorId
  From:                0xf39fd6e51aad88f6f4ce6ab8827279cfffb92266
  To:                  0x5fbdb2315678afecb367f032d93f642f64180aa3

[32meth_call[0m
  Contract call:       RastreabilidadeFarmaceuticaV2#consultarOrganizacaoPorId
  From:                0xf39fd6e51aad88f6f4ce6ab8827279cfffb92266
  To:                  0x5fbdb2315678afecb367f032d93f642f64180aa3

[32meth_call[0m
  Contract call:       RastreabilidadeFarmaceuticaV2#consultarOrganizacaoPorId
  From:                0xf39fd6e51aad88f6f4ce6ab8827279cfffb92266
  To:                  0x5fbdb2315678afecb367f032d93f642f64180aa3

[32meth_call[0m
  Contract call:       RastreabilidadeFarmaceuticaV2#consultarOrganizacaoPorId
  From:                0xf39fd6e51aad88f6f4ce6ab8827279cfffb92266
  To:                  0x5fbdb2315678afecb367f032d93f642f64180aa3

[32meth_call[0m
  Contract call:       RastreabilidadeFarmaceuticaV2#consultarOperadorPorId
  From:                0xf39fd6e51aad88f6f4ce6ab8827279cfffb92266
  To:                  0x5fbdb2315678afecb367f032d93f642f64180aa3

[32meth_call[0m
  Contract call:       RastreabilidadeFarmaceuticaV2#consultarOperadorPorId
  From:                0xf39fd6e51aad88f6f4ce6ab8827279cfffb92266
  To:                  0x5fbdb2315678afecb367f032d93f642f64180aa3

[32meth_call[0m
  Contract call:       RastreabilidadeFarmaceuticaV2#consultarOperadorPorId
  From:                0xf39fd6e51aad88f6f4ce6ab8827279cfffb92266
  To:                  0x5fbdb2315678afecb367f032d93f642f64180aa3

[32meth_call[0m
  Contract call:       RastreabilidadeFarmaceuticaV2#consultarOperadorPorId
  From:                0xf39fd6e51aad88f6f4ce6ab8827279cfffb92266
  To:                  0x5fbdb2315678afecb367f032d93f642f64180aa3

[32meth_call[0m
  Contract call:       RastreabilidadeFarmaceuticaV2#consultarLotePorId
  From:                0xf39fd6e51aad88f6f4ce6ab8827279cfffb92266
  To:                  0x5fbdb2315678afecb367f032d93f642f64180aa3

[32meth_call[0m
  Contract call:       RastreabilidadeFarmaceuticaV2#consultarLotePorId
  From:                0xf39fd6e51aad88f6f4ce6ab8827279cfffb92266
  To:                  0x5fbdb2315678afecb367f032d93f642f64180aa3

[32meth_call[0m
  Contract call:       RastreabilidadeFarmaceuticaV2#consultarOperadorPorId
  From:                0xf39fd6e51aad88f6f4ce6ab8827279cfffb92266
  To:                  0x5fbdb2315678afecb367f032d93f642f64180aa3

[32meth_call[0m
  Contract call:       RastreabilidadeFarmaceuticaV2#consultarOperadorPorId
  From:                0xf39fd6e51aad88f6f4ce6ab8827279cfffb92266
  To:                  0x5fbdb2315678afecb367f032d93f642f64180aa3

[32meth_call[0m
  Contract call:       RastreabilidadeFarmaceuticaV2#consultarOperadorPorId
  From:                0xf39fd6e51aad88f6f4ce6ab8827279cfffb92266
  To:                  0x5fbdb2315678afecb367f032d93f642f64180aa3

[32meth_call[0m
  Contract call:       RastreabilidadeFarmaceuticaV2#consultarOperadorPorId
  From:                0xf39fd6e51aad88f6f4ce6ab8827279cfffb92266
  To:                  0x5fbdb2315678afecb367f032d93f642f64180aa3

[32meth_chainId[0m
[32meth_call[0m
  Contract call:       RastreabilidadeFarmaceuticaV2#consultarSaldoLote
  From:                0xf39fd6e51aad88f6f4ce6ab8827279cfffb92266
  To:                  0x5fbdb2315678afecb367f032d93f642f64180aa3

[32meth_call[0m
  Contract call:       RastreabilidadeFarmaceuticaV2#consultarSaldoLote
  From:                0xf39fd6e51aad88f6f4ce6ab8827279cfffb92266
  To:                  0x5fbdb2315678afecb367f032d93f642f64180aa3

[32meth_blockNumber[0m
[32meth_chainId[0m
[32meth_call[0m
  Contract call:       RastreabilidadeFarmaceuticaV2#verificarIntegridadeRegistro
  From:                0xf39fd6e51aad88f6f4ce6ab8827279cfffb92266
  To:                  0x5fbdb2315678afecb367f032d93f642f64180aa3

[32meth_blockNumber[0m
[32meth_chainId[0m
[32meth_call[0m
  Contract call:       RastreabilidadeFarmaceuticaV2#consultarRegistroHistorico
  From:                0xf39fd6e51aad88f6f4ce6ab8827279cfffb92266
  To:                  0x5fbdb2315678afecb367f032d93f642f64180aa3

[32meth_chainId[0m
[32meth_call[0m
  Contract call:       RastreabilidadeFarmaceuticaV2#verificarIntegridadeRegistro
  From:                0xf39fd6e51aad88f6f4ce6ab8827279cfffb92266
  To:                  0x5fbdb2315678afecb367f032d93f642f64180aa3

[32meth_blockNumber[0m
[32meth_blockNumber (2)[0m
[32meth_blockNumber (3)[0m
[32meth_blockNumber (4)[0m
[32meth_blockNumber (5)[0m
[32meth_blockNumber (6)[0m
[32meth_blockNumber (7)[0m
[32meth_blockNumber (8)[0m
[32meth_chainId[0m
[32meth_call[0m
  Contract call:       RastreabilidadeFarmaceuticaV2#listarOrganizacoes
  From:                0xf39fd6e51aad88f6f4ce6ab8827279cfffb92266
  To:                  0x5fbdb2315678afecb367f032d93f642f64180aa3

[32meth_chainId[0m
[32meth_getLogs[0m
[32meth_chainId[0m
[32meth_getBlockByNumber[0m
[32meth_chainId[0m
[32meth_getLogs[0m
[32meth_chainId[0m
[32meth_getLogs[0m
[32meth_chainId[0m
[32meth_getBlockByNumber[0m
[32meth_chainId[0m
[32meth_getLogs[0m
[32meth_chainId[0m
[32meth_getLogs[0m
[32meth_chainId[0m
[32meth_getBlockByNumber[0m
[32meth_chainId[0m
[32meth_getLogs[0m
[32meth_chainId[0m
[32meth_getLogs[0m
[32meth_chainId[0m
[32meth_getBlockByNumber[0m
[32meth_chainId[0m
[32meth_getLogs[0m
[32meth_chainId[0m
[32meth_getLogs[0m
[32meth_chainId[0m
[32meth_getBlockByNumber[0m
[32meth_chainId[0m
[32meth_getLogs[0m
[32meth_chainId[0m
[32meth_getLogs[0m
[32meth_chainId[0m
[32meth_getBlockByNumber[0m
[32meth_chainId[0m
[32meth_getLogs[0m
[32meth_chainId[0m
[32meth_getLogs[0m
[32meth_chainId[0m
[32meth_getBlockByNumber[0m
[32meth_chainId[0m
[32meth_getLogs[0m
[32meth_chainId[0m
[32meth_getLogs[0m
[32meth_chainId[0m
[32meth_getBlockByNumber[0m
[32meth_chainId[0m
[32meth_getLogs[0m
[32meth_chainId[0m
[32meth_getLogs[0m
[32meth_chainId[0m
[32meth_getBlockByNumber[0m
[32meth_chainId[0m
[32meth_getLogs[0m
[32meth_blockNumber[0m
[32meth_blockNumber (2)[0m
[32meth_blockNumber (3)[0m
[32meth_blockNumber (4)[0m
[32meth_blockNumber (5)[0m
[32meth_blockNumber (6)[0m
[32meth_chainId[0m
[32meth_call[0m
  Contract call:       RastreabilidadeFarmaceuticaV2#listarOperadores
  From:                0xf39fd6e51aad88f6f4ce6ab8827279cfffb92266
  To:                  0x5fbdb2315678afecb367f032d93f642f64180aa3

[32meth_chainId[0m
[32meth_getLogs[0m
[32meth_chainId[0m
[32meth_getBlockByNumber[0m
[32meth_chainId[0m
[32meth_getLogs[0m
[32meth_chainId[0m
[32meth_getLogs[0m
[32meth_chainId[0m
[32meth_getLogs[0m
[32meth_chainId[0m
[32meth_getBlockByNumber[0m
[32meth_chainId[0m
[32meth_getLogs[0m
[32meth_chainId[0m
[32meth_getLogs[0m
[32meth_chainId[0m
[32meth_getLogs[0m
[32meth_chainId[0m
[32meth_getBlockByNumber[0m
[32meth_chainId[0m
[32meth_getLogs[0m
[32meth_chainId[0m
[32meth_getLogs[0m
[32meth_chainId[0m
[32meth_getLogs[0m
[32meth_getBlockByNumber[0m
[32meth_chainId[0m
[32meth_chainId (2)[0m
[32meth_getLogs[0m
[32meth_chainId[0m
[32meth_getLogs[0m
[32meth_chainId[0m
[32meth_getLogs[0m
[32meth_chainId[0m
[32meth_getBlockByNumber[0m
[32meth_chainId[0m
[32meth_getLogs[0m
[32meth_chainId[0m
[32meth_getLogs[0m
[32meth_chainId[0m
[32meth_getLogs[0m
[32meth_chainId[0m
[32meth_getBlockByNumber[0m
[32meth_chainId[0m
[32meth_getLogs[0m
[32meth_chainId[0m
[32meth_getLogs[0m
[32meth_chainId[0m
[32meth_getLogs[0m
[32meth_chainId[0m
[32meth_getBlockByNumber[0m
[32meth_chainId[0m
[32meth_getLogs[0m
[32meth_chainId[0m
[32meth_getLogs[0m
[32meth_chainId[0m
[32meth_getLogs[0m
[32meth_chainId[0m
[32meth_getBlockByNumber[0m
[32meth_chainId[0m
[32meth_getLogs[0m
[32meth_chainId[0m
[32meth_getLogs[0m
[32meth_chainId[0m
[32meth_getLogs[0m
[32meth_chainId[0m
[32meth_getBlockByNumber[0m
[32meth_chainId[0m
[32meth_getLogs[0m
[32meth_chainId[0m
[32meth_getLogs[0m
[32meth_blockNumber[0m
[32meth_blockNumber (2)[0m
[32meth_blockNumber (3)[0m
[32meth_blockNumber (4)[0m
[32meth_blockNumber (5)[0m
[32meth_blockNumber (6)[0m
[32meth_blockNumber (7)[0m
[32meth_blockNumber (8)[0m
[32meth_blockNumber (9)[0m
